commit_sha,pull_no
28b4508467cdc2ad2af7cb2f52c74cc73515a7e8,48970
31d720584eedce4ffc557a0c9a1383ee10ef56ec,48993
ca87391dbebed866698bb8c776b7af4680ad7b69,49007
8ba6d04b14eb8c777102672647e729105a676508,48921
0ffa6b00bb2815c2d16c001319aafd19c3ad03ef,48970
bd32ad5c5f8202a4193b4f29ed472aec70017ab0,48883
78d6ebf2e7c5b3b759778884acbe081af69bbc83,48921
ba34bb6e170c411d96c43ae343fcb044bf3076ea,48990
409110db2effe8d333fd0f8f2d1309dc9d1f153a,48917
08b2d5df68ff97db364b24a7a1af74fe6c4406d7,48981
