pull_id,pull_no,total_commits
527738113,5512,2
526811457,5510,1
526802958,5509,5
526190430,5507,1
526027390,5506,8
525017426,5503,1
524554204,5502,12
524154529,5500,47
523592418,5499,1
523445269,5496,28
522923249,5494,14
522759237,5493,30
522732665,5492,10
520741591,5488,3
520458026,5485,29
518186025,5482,6
517058434,5479,17
517056297,5478,24
517038918,5477,14
515624948,5475,3
515580328,5474,6
515051236,5472,7
514617053,5471,2
512724772,5468,10
511864570,5467,7
511680771,5464,9
511273000,5462,5
511220717,5461,17
510986362,5460,2
509812609,5457,2
509308120,5455,3
509200725,5454,8
508576076,5453,1
507833138,5445,29
507134638,5444,2
503755447,5439,4
503256593,5436,7
503003036,5435,5
502568828,5433,3
499641568,5424,3
499636953,5423,2
499587779,5422,6
498009555,5417,1
495336523,5415,2
491194625,5407,3
491157815,5406,5
490525666,5404,28
487474109,5400,1
486918630,5399,18
485996394,5395,20
479577201,5386,6
476723793,5380,5
476503930,5378,1
476146308,5374,9
475947425,5373,3
472741585,5363,1
470109607,5354,5
469137086,5351,2
468266465,5349,1
468226798,5348,4
467050904,5345,2
466979329,5344,1
463711072,5338,3
458870637,5332,5
458819525,5331,7
458043953,5329,1
457465290,5328,3
457460028,5327,1
454849612,5319,4
452642370,5313,4
451251348,5310,3
447710817,5302,1
447662117,5301,1
447311287,5298,3
447163992,5297,3
446692743,5296,2
445880484,5292,3
445765017,5291,1
445536641,5290,2
445085127,5289,13
445007137,5288,9
444913100,5287,1
443927231,5280,1
443690745,5279,3
443083844,5275,4
442374201,5272,1
442285741,5269,1
441804550,5268,3
441579916,5265,1
440813146,5263,12
440476696,5261,5
440381626,5260,5
440290516,5259,1
440267060,5258,6
440145135,5257,12
439120666,5255,8
437752496,5252,1
436785124,5249,2
436620075,5248,3
436124938,5246,3
436064387,5245,1
436057796,5244,7
435367019,5243,5
433971660,5239,1
433849316,5236,9
433459268,5234,2
433336348,5233,0
433275890,5232,5
433212810,5231,17
432827315,5229,5
432822319,5228,3
432760761,5227,14
432663618,5226,1
432190570,5223,1
431676798,5218,37
431444275,5216,40
428303859,5212,1
428028493,5209,2
427487347,5205,8
427102129,5202,52
427082034,5201,28
427041525,5200,5
426963542,5198,22
426895692,5197,1
426894181,5196,3
426876400,5195,7
426860547,5194,9
426792312,5192,5
426370401,5189,4
426325966,5187,53
426239051,5186,1
426216481,5185,2
425386700,5180,1
424895602,5177,6
424842513,5176,21
424669221,5175,3
424256466,5174,2
424202774,5173,20
424073687,5172,2
423645312,5169,11
423531596,5167,2
423482763,5166,7
422755334,5163,14
422468837,5160,3
422233099,5154,9
422063169,5153,6
421797179,5152,3
421633695,5151,3
421630405,5150,18
421134614,5149,3
420965467,5148,9
420683244,5147,12
420482971,5146,6
420474448,5145,11
420256748,5143,2
419758143,5141,2
419721365,5140,4
418886930,5138,3
418830887,5137,1
418799028,5136,1
418592170,5135,12
418511308,5134,2
418384648,5133,14
418359608,5131,3
418217801,5130,2
418206327,5128,1
418204557,5127,5
417896967,5125,32
417745110,5124,19
417654583,5123,14
417645204,5122,4
417211892,5121,8
417116856,5120,1
416448055,5119,2
416422851,5118,1
416421111,5117,3
416256356,5114,23
415428101,5110,4
414986423,5108,11
414984470,5107,1
414891889,5106,4
414779628,5104,17
414462422,5103,3
414408144,5102,2
414348403,5100,1
414343953,5099,3
414312106,5098,2
414305300,5097,2
413867067,5095,47
413727208,5094,1
413572459,5091,1
413247933,5090,10
412807370,5087,6
412638054,5085,2
412504959,5084,1
412465477,5082,2
412386512,5081,1
412312752,5080,5
412301400,5079,2
412021883,5078,2
412020918,5077,2
412017495,5076,2
412015527,5075,2
412013767,5074,3
410982893,5072,2
410871779,5071,6
410472566,5068,4
410316973,5066,2
410246815,5064,15
409821930,5063,2
408383589,5060,3
408343105,5059,3
408254574,5058,3
408242319,5057,4
408237808,5056,4
407149602,5048,1
407037407,5047,9
406983890,5046,1
406966348,5045,1
406921850,5043,2
406331151,5041,4
405431644,5040,3
404837059,5039,4
404777326,5038,6
404682112,5037,5
404666231,5036,5
404563497,5035,3
404533866,5034,3
404054482,5031,11
404023298,5029,3
403542432,5027,1
403451034,5026,9
402900888,5025,1
402893990,5024,1
402859549,5023,3
402461937,5021,3
402417596,5019,4
402306148,5018,4
402174221,5017,1
402009627,5015,3
402009089,5014,1
401999268,5013,33
401328465,5012,4
401167638,5011,1
401123578,5010,2
400575977,5008,1
400421767,5006,1
400388225,5005,1
400033214,5004,9
399978458,5003,3
399827915,5002,1
398434485,5000,6
398431586,4999,11
398178380,4998,13
397883033,4997,4
397292382,4996,5
397252762,4995,2
397211863,4994,2
397194305,4993,4
397179338,4992,1
396710871,4991,3
396662852,4990,21
396624988,4989,7
396544903,4988,1
396057484,4985,1
395977842,4984,2
395969953,4983,16
395043364,4979,2
394981528,4978,25
394386669,4976,3
393880575,4974,8
393851448,4973,1
393753180,4972,2
393581809,4971,22
393306870,4969,1
393289887,4968,3
393214884,4967,3
393175651,4966,8
392692932,4963,3
392638671,4962,1
392210311,4959,10
391983945,4957,3
391845755,4956,1
391281421,4955,1
390663523,4953,25
390291694,4951,1
390241150,4950,3
390146101,4949,1
389837025,4946,9
388060254,4943,25
388036061,4942,2
387946303,4941,1
387871404,4940,2
387405956,4939,13
387076092,4938,5
387031024,4936,1
387008105,4935,8
386858240,4934,2
386560491,4931,6
386389222,4930,17
386384765,4929,1
386331241,4928,5
385983034,4927,2
385892091,4925,51
385876033,4924,3
384953101,4922,2
384547469,4921,2
383938298,4919,22
383909704,4918,5
383282413,4913,3
382794930,4908,3
382684797,4907,5
381656998,4904,1
381216665,4902,2
381039837,4900,2
380606106,4899,14
380572434,4897,1
380550848,4896,2
380449253,4893,28
380053665,4891,1
380034902,4890,1
379888176,4889,4
379819762,4888,7
379797452,4887,1
379307335,4885,4
379279313,4884,5
379268757,4883,1
379254024,4882,1
378829732,4881,1
378574098,4878,2
378560689,4877,2
378518918,4876,17
378518463,4875,2
378450594,4873,1
378142459,4869,1
378070443,4867,1
378006816,4866,3
377963598,4863,3
377542708,4862,1
377509572,4861,2
377424424,4860,1
377378566,4859,1
377376979,4858,3
377338512,4857,2
376943844,4855,7
376925589,4854,1
376882771,4853,5
375978278,4849,4
375640069,4847,5
375615046,4846,9
375602390,4845,4
375526249,4844,1
375178323,4841,18
375159111,4838,1
375153360,4837,11
375148886,4836,1
375069021,4835,1
375031630,4834,5
374953611,4833,1
374614177,4831,3
374587893,4830,1
374585146,4829,5
374268021,4828,13
373978561,4827,2
373892382,4826,3
373439314,4824,8
373392331,4823,5
373289045,4822,1
372696786,4818,3
372670285,4817,3
372670040,4816,1
372669440,4815,2
372643374,4814,1
372624186,4813,1
372623020,4812,3
372581823,4811,2
372575216,4810,1
372567334,4809,3
372560570,4808,3
372186616,4806,1
372161021,4805,6
372154548,4804,2
372122648,4803,3
372121512,4802,1
372119874,4801,1
372119275,4800,1
372118827,4799,1
372118527,4798,1
372083586,4797,1
371908981,4794,1
371908485,4793,1
371908118,4792,1
371907700,4791,1
371897683,4790,1
371650444,4787,6
371564575,4786,1
371502908,4785,3
371134063,4783,2
371129106,4782,4
371078089,4781,6
371050091,4780,4
371009385,4779,1
370657231,4776,9
370606611,4775,8
370569177,4774,1
370550038,4772,26
370536405,4771,1
370533814,4770,1
369978992,4766,1
369943216,4765,1
369835379,4764,1
369825673,4763,1
369817704,4762,1
369815366,4761,1
369783420,4759,4
369747394,4758,1
369744174,4757,1
369743892,4756,1
369743792,4755,1
369742553,4754,1
369434438,4753,2
369380028,4751,1
369372102,4750,1
369344621,4747,4
369339810,4746,1
369305628,4745,5
369288595,4744,4
369285401,4743,3
369187200,4740,1
368831783,4737,2
368771629,4736,2
368736854,4734,2
368726330,4733,7
368701361,4732,3
368665948,4731,1
368548408,4728,3
368501371,4727,4
368377115,4726,2
368329503,4724,8
368324545,4723,1
368322389,4722,30
368313344,4721,2
368311556,4720,7
368302730,4718,1
368301644,4717,18
368244143,4716,1
367754464,4715,6
367466310,4714,8
367170714,4710,10
367040206,4706,6
366984451,4705,2
366934004,4704,12
366877431,4702,1
366858094,4701,1
366632124,4699,10
366621399,4698,5
366599003,4697,1
366433090,4696,5
366339676,4695,24
366143977,4694,1
365798010,4691,5
365759393,4690,1
365696787,4688,9
365694290,4687,3
365583681,4685,2
365568044,4684,2
365490059,4683,1
365469364,4682,1
364532346,4676,5
364374756,4674,4
364344867,4673,30
363988462,4669,15
363909660,4667,1
363818874,4666,2
363802769,4665,7
363392163,4662,4
363324691,4661,3
363292889,4659,1
363092012,4657,2
362922410,4655,11
362920426,4654,16
362894404,4653,2
362881826,4652,6
362366126,4650,11
362256678,4647,2
361745138,4645,7
361725214,4644,6
361530075,4642,14
361133154,4639,3
360226553,4636,4
360204052,4635,2
360131978,4633,4
359295815,4631,1
359293700,4629,1
359285826,4628,1
359204284,4627,1
359203869,4626,1
359169960,4625,8
359134858,4624,1
359091928,4623,4
359091527,4622,5
359010234,4621,1
358846519,4620,1
358506386,4617,1
358485676,4616,1
358480755,4614,1
358456068,4613,3
358441155,4612,1
358257727,4609,5
358249003,4608,17
357048947,4604,1
356470823,4602,6
355433238,4598,1
355397422,4597,5
355324059,4596,19
354839242,4594,5
354837899,4593,2
354798520,4592,1
354794238,4591,1
354760789,4590,5
354709290,4588,1
354664009,4587,10
354362613,4584,4
353874451,4581,1
353837859,4580,1
353118972,4577,4
353069503,4576,21
352684630,4573,1
352658170,4570,4
352597886,4569,3
352197113,4565,3
351683465,4564,7
351682089,4563,1
351653354,4562,7
351542838,4561,1
351520883,4560,1
350831947,4557,1
350790468,4556,2
350457818,4552,1
350453273,4551,1
350441655,4550,1
350440389,4549,1
350407835,4548,9
350362440,4547,1
350361965,4546,1
350361749,4545,1
350361113,4544,3
350343824,4543,1
350266332,4540,1
350259764,4539,1
350245051,4538,1
350235734,4537,1
350231772,4536,1
350229399,4535,1
350228016,4534,1
350227772,4533,1
350227515,4532,1
350227199,4531,1
350226676,4530,1
350226608,4529,1
349768554,4526,4
349392877,4523,4
349233427,4522,4
349024733,4521,8
348059544,4515,4
347532997,4514,27
347161813,4512,1
346468963,4510,14
346466242,4509,2
346391970,4507,1
345510079,4503,1
344757767,4500,3
344657043,4498,46
344640041,4497,13
344309466,4496,9
344270568,4495,12
344175238,4494,5
343778481,4492,1
343765612,4490,2
343490534,4489,16
342407006,4486,1
342389586,4485,16
341315388,4481,4
341207606,4479,2
340751127,4477,1
340683907,4476,5
340629090,4475,9
340475878,4474,1
340133955,4472,3
339495428,4465,1
338905036,4463,4
338900143,4462,3
338297210,4458,2
338262072,4457,1
338260950,4456,0
338169342,4455,1
338166166,4454,5
338148890,4453,2
337813783,4451,3
337723505,4448,2
337544518,4447,7
337539096,4446,3
337183552,4444,6
336994915,4443,7
336900013,4439,1
336520614,4438,2
336515565,4437,85
336184402,4436,79
336157427,4435,1
335608986,4430,2
335073661,4424,8
334565460,4421,1
334448200,4419,1
334435573,4417,3
334422661,4416,7
334421571,4415,7
334332394,4414,2
333936044,4413,9
333878261,4412,2
333793734,4410,1
333686566,4408,9
333393252,4407,36
333378272,4406,2
333357859,4404,1
333345280,4403,3
333256042,4402,12
333207628,4401,2
332824615,4395,22
332732182,4393,7
332710077,4391,13
332688016,4390,6
332631172,4388,1
332312177,4384,8
332288652,4382,18
332269610,4380,12
332261693,4379,2
332246088,4377,3
332138817,4375,3
332101613,4374,1
331962891,4372,16
331789699,4371,77
331653192,4370,2
331279345,4368,3
331154259,4365,1
330750333,4362,6
330701914,4360,4
330660086,4358,1
330596255,4357,1
330543065,4356,1
330520228,4355,40
329931239,4351,4
329897822,4350,4
329875096,4349,5
329487800,4347,32
329450903,4346,16
329432970,4345,8
329350648,4344,2
328880245,4342,2
328670744,4341,1
328639042,4340,14
328480503,4338,1
328298427,4337,4
328023008,4336,29
327974799,4334,3
327307088,4324,1
326469342,4321,22
326010725,4315,4
325963896,4314,15
325899635,4312,31
325554858,4310,2
325475166,4308,4
325442141,4306,25
324989034,4301,1
324877670,4300,7
324872354,4298,21
324865274,4297,10
324450844,4293,19
324404791,4291,1
324388919,4290,7
324383311,4289,6
324154902,4279,1
324034031,4278,1
323931358,4277,2
323517517,4273,2
323502263,4272,8
323387910,4270,4
322979685,4267,1
322911663,4265,1
322371949,4262,15
322355519,4261,1
322267147,4260,21
321998769,4255,2
321910642,4253,17
321479180,4247,1
321436110,4246,33
320452163,4245,4
320405520,4242,14
319905549,4237,10
319504989,4232,15
319018576,4229,1
318989559,4228,31
318469563,4223,3
318196459,4220,2
318074006,4219,21
317472506,4215,1
317445867,4214,2
317258028,4212,2
317131629,4211,4
316647265,4205,16
315802008,4197,1
315309749,4194,16
315306961,4193,17
315281971,4190,8
315148510,4188,20
315148360,4187,6
314727406,4179,1
313724021,4174,1
313380954,4170,3
313069224,4166,3
312841852,4163,11
312641651,4162,1
312582824,4161,18
312580825,4160,13
312552676,4158,2
312526408,4157,1
312451704,4155,6
312066328,4151,27
310726071,4146,1
310496832,4144,6
310137909,4140,2
310097637,4139,1
309713707,4138,15
308403818,4127,6
308244922,4124,2
308189759,4123,11
307792794,4118,3
307724281,4117,2
307705452,4116,1
307529497,4115,5
307117331,4110,3
307105506,4108,2
307029274,4107,11
306701475,4104,9
305934248,4098,2
305784574,4096,7
305354514,4091,4
305350213,4088,1
305273831,4081,58
305246584,4079,1
304898441,4073,5
304834457,4071,3
304817977,4070,3
304625278,4069,1
304599785,4068,1
304581244,4067,2
304547214,4066,8
304241762,4061,2
304059588,4060,11
303979346,4059,1
303697496,4057,38
303625015,4056,1
303594700,4054,3
303149641,4050,3
301695514,4043,23
301341866,4039,4
301018521,4037,8
300481649,4035,12
299176812,4022,10
299065263,4021,1
298677309,4013,19
298522574,4012,1
298255137,4010,1
298234373,4009,10
297796746,4007,2
297791374,4006,22
297693640,4002,2
297623646,4001,1
296386417,3986,4
296002314,3983,9
295875894,3981,1
295854758,3979,4
295475362,3971,14
295079798,3968,1
294243426,3963,3
294027571,3961,1
294006038,3958,3
293911115,3957,3
293898810,3956,1
293886607,3955,1
293863344,3954,1
293862857,3953,250
293671383,3951,4
293610758,3950,3
293588698,3949,1
293580749,3948,4
293561359,3947,3
293558364,3946,60
293545476,3945,1
293529789,3944,2
293523738,3943,7
293491008,3942,45
293469367,3941,3
293452702,3940,1
293443496,3939,24
293342428,3937,9
293317400,3936,1
292645152,3930,10
292631279,3929,17
292558910,3928,6
292521433,3925,12
292515661,3923,28
292515660,3922,9
292300418,3918,2
292197905,3916,4
292191985,3915,3
292181658,3914,1
292124165,3912,1
292113159,3911,6
292076328,3910,21
291820077,3908,3
290772576,3899,1
290737455,3896,6
290523762,3894,3
290306722,3892,16
289517251,3882,250
289495960,3881,23
289488781,3880,3
289079621,3875,3
289010045,3873,1
287741143,3860,1
287722348,3859,1
287641028,3857,8
287171584,3854,1
287169841,3853,1
286878969,3852,1
286838412,3851,2
286791919,3850,12
286299296,3842,1
286263020,3840,2
286014389,3837,5
285997277,3835,3
285913171,3834,3
285509703,3831,2
285194078,3827,4
285182255,3825,2
285180852,3824,1
285169559,3823,9
285118205,3821,2
285104245,3820,3
285098589,3819,2
284775296,3815,6
284756202,3814,1
284749686,3812,27
284698298,3809,1
284436542,3805,2
284329645,3802,2
284328859,3801,14
283841671,3796,5
283781125,3794,4
283752166,3793,2
283476503,3789,11
283465922,3788,4
283041588,3785,2
282316029,3777,1
282254006,3776,10
282138626,3774,2
281802728,3772,1
281397932,3768,1
281110857,3763,5
280971260,3758,1
280740186,3753,1
280166815,3746,11
280037069,3745,3
279703605,3742,4
279694292,3741,1
279682552,3738,1
279351869,3731,1
279284803,3730,1
278894543,3725,1
278893733,3724,2
278882459,3721,4
278829018,3719,2
278073331,3706,1
277630998,3700,13
277562150,3696,4
277548659,3695,4
277432895,3693,14
277239776,3682,2
276788520,3676,4
276281484,3668,1
276271437,3667,1
275569678,3658,1
275562597,3657,0
275556540,3656,1
275530981,3655,6
275476415,3653,1
275473206,3652,250
275464356,3651,2
275454811,3649,1
275253585,3645,1
275221545,3644,4
275188322,3643,1
275187592,3642,1
275186654,3641,17
275181910,3640,1
275175087,3639,1
275064737,3637,1
275052174,3636,60
274944435,3635,4
274943726,3634,1
274934208,3633,1
274926957,3632,3
274904274,3629,1
274902369,3628,1
274896277,3625,12
274885958,3624,3
274885305,3623,7
274883850,3622,243
274821940,3621,6
274618819,3620,4
274560559,3619,1
274529534,3618,2
274497215,3617,2
274486728,3616,1
274148397,3614,2
274139294,3613,1
274075451,3612,8
274073990,3610,2
274071785,3609,7
274054225,3608,2
274010638,3607,2
273998666,3606,5
273976887,3605,6
273730600,3601,5
273722478,3599,1
273722338,3598,230
273713091,3597,2
273709164,3595,3
273707806,3594,3
273703914,3593,1
273703671,3592,230
273700345,3591,3
273700013,3590,230
273697435,3588,2
273668960,3586,12
273623669,3585,50
273616690,3583,1
273422539,3581,52
273387892,3580,1
273365927,3579,2
273362597,3578,2
273349692,3577,4
273349543,3576,2
273347358,3575,2
273326067,3574,2
273306589,3572,2
273302761,3571,7
273292786,3570,7
273292499,3569,1
273291665,3568,2
273288357,3567,6
273287009,3566,1
273273088,3565,1
273244382,3564,1
273201933,3563,2
272945995,3561,1
272938432,3560,8
272933464,3559,4
272928108,3558,2
272919946,3557,2
272912247,3555,1
272907441,3554,1
272903344,3553,4
272897094,3552,5
272896932,3551,3
272894494,3550,2
272889618,3549,1
272879637,3548,2
272878961,3546,1
272878806,3545,3
272877714,3543,3
272876447,3541,2
272868074,3539,4
272865823,3538,4
272863488,3537,2
272861395,3536,5
272861150,3535,2
272849671,3534,4
272845754,3533,3
272842371,3532,7
272837592,3530,2
272828240,3528,1
272694709,3526,1
272544178,3525,1
272543726,3524,1
272543464,3523,3
272542954,3522,2
272539624,3521,2
272537505,3520,5
272526852,3516,6
272496496,3504,1
272494150,3500,1
272486966,3497,6
272464046,3484,1
272443393,3466,1
272437414,3464,1
272400440,3461,1
272304624,3459,2
272300805,3458,17
272286002,3457,96
272269056,3456,2
272251480,3455,10
272245425,3454,2
272238679,3453,1
272237949,3452,1
272224375,3451,2
272195844,3449,1
272193642,3448,1
272182170,3447,4
272172902,3446,14
272117094,3445,1
272107421,3444,5
272090885,3442,1
272087599,3441,1
272077299,3440,8
272053880,3438,3
271922883,3435,1
271913410,3434,1
271895691,3433,7
271881460,3432,6
271880358,3431,3
271879455,3430,3
271878625,3429,3
271878535,3428,3
271877040,3427,3
271875732,3426,2
271874712,3425,3
271874154,3424,2
271873927,3423,1
271870297,3422,3
271867708,3421,2
271863415,3420,1
271862916,3419,2
271859852,3418,4
271859271,3417,2
271851714,3416,1
271850059,3415,1
271848597,3414,3
271845632,3413,8
271841332,3412,2
271837199,3411,3
271835096,3410,2
271829212,3409,5
271827867,3408,8
271815536,3406,1
271808635,3405,3
271804778,3404,2
271801529,3403,3
271792147,3402,5
271780084,3401,2
271775068,3400,1
271622891,3399,7
271615170,3398,3
271603248,3397,2
271572812,3396,2
271569751,3395,4
271568356,3394,5
271554993,3392,4
271517522,3391,1
271515908,3389,12
271509015,3388,6
271500794,3387,13
271470613,3386,5
271470331,3385,9
271455597,3384,3
271442543,3383,7
271430165,3379,2
271421911,3377,3
271413716,3376,9
271398607,3374,9
271148132,3373,4
271147865,3372,220
271124769,3371,3
271123696,3370,10
271099265,3368,1
271098518,3367,1
271085201,3364,9
271084808,3363,224
271076309,3362,2
271041645,3359,4
270984145,3357,1
270796027,3355,1
270793451,3353,4
270775332,3352,2
270763475,3351,17
270749311,3349,4
270748760,3348,1
270748509,3347,8
270715290,3346,1
270705975,3345,3
270691241,3344,2
270687716,3343,1
270638782,3341,1
270633528,3339,1
270617933,3338,3
270203758,3333,73
270197809,3331,7
270196677,3330,2
270194811,3329,1
270189160,3328,1
270188826,3326,213
270188304,3325,3
270184500,3324,213
270182298,3322,3
270180258,3321,3
270176569,3319,27
270169205,3318,1
270158261,3317,2
270137083,3316,7
270118233,3315,4
270100272,3314,5
270091163,3313,1
270084833,3312,3
270081156,3311,5
270005115,3310,6
269858604,3309,9
269857938,3307,8
269831626,3305,1
269820606,3303,16
269813888,3302,2
269806452,3300,2
269749725,3298,1
269740250,3297,2
269724223,3296,1
269697865,3295,1
269694065,3293,3
269692111,3292,5
269673270,3291,1
269501264,3289,1
269423993,3288,4
269391280,3287,1
269385306,3285,2
269366485,3282,4
269363332,3281,8
269347972,3278,1
269270211,3275,1
268963027,3268,4
268948227,3267,1
268944655,3265,4
268943100,3264,4
268932004,3263,25
268896434,3262,5
268831509,3259,3
268813464,3257,1
268546502,3253,12
268535442,3252,3
268534333,3251,2
268533086,3250,9
268520598,3249,4
268515323,3247,5
268511365,3246,7
268509284,3245,12
268502091,3244,12
268493810,3241,5
268493150,3240,11
268446145,3237,1
268420600,3232,11
268396653,3230,2
267987684,3227,3
267984047,3225,1
267958604,3223,1
267923897,3222,2
267917521,3221,4
267916535,3220,1
267891423,3217,2
267888961,3216,8
267747674,3215,1
267745831,3214,1
267743804,3213,7
267733999,3212,1
267702453,3211,4
267677559,3210,3
267651085,3208,2
267260330,3199,2
267247528,3195,6
267246253,3194,2
267204226,3191,5
267080142,3189,1
266909143,3187,9
266854844,3185,3
266851378,3184,6
266835026,3183,6
266831920,3182,1
266831448,3181,1
266820075,3180,4
266807875,3179,5
266795229,3178,2
266789377,3177,8
266776345,3176,2
266748170,3174,7
266746330,3173,3
266730925,3172,8
266720297,3170,1
266504154,3167,3
266456017,3165,4
266447912,3163,3
266413030,3159,11
266397308,3158,2
266391394,3157,1
266378714,3156,8
265843102,3142,3
265821124,3140,3
265799851,3136,6
265528465,3135,1
265517167,3133,2
265135962,3124,7
265131435,3123,4
265114465,3122,1
265092098,3120,3
265084313,3118,8
265082621,3116,2
265074030,3115,250
265059042,3113,1
265007092,3104,4
264727368,3102,3
264716773,3101,9
264690545,3099,2
264398702,3091,1
264322235,3088,3
264310185,3086,1
264308227,3085,1
264307370,3084,2
264295712,3080,2
264256493,3078,1
263812444,3074,2
263785590,3073,1
263772367,3071,3
263753109,3067,3
263751867,3066,4
263450037,3064,1
263447605,3062,2
263441813,3059,2
263429742,3058,5
263415166,3056,1
263413372,3055,1
263390482,3052,4
263336463,3046,11
263263002,3044,5
263125970,3042,3
263125249,3041,5
263078580,3039,9
262983493,3036,8
262945393,3035,2
262932498,3034,17
262692990,3033,5
262686882,3032,2
262686306,3030,6
262684368,3029,6
262681253,3028,5
262667284,3026,3
262661786,3023,1
262660214,3022,9
262656883,3021,3
262656322,3020,2
262630009,3019,1
262627974,3018,1
262624167,3017,1
262561324,3011,19
262466722,3010,1
262279784,3008,2
262272324,3006,4
262235593,2999,3
262054687,2995,7
261938425,2993,3
261937010,2992,1
261934615,2991,1
261911524,2990,1
261728977,2988,2
261728404,2987,2
261717221,2985,6
261715339,2984,7
261697853,2979,1
261643290,2976,13
261389690,2973,5
261388304,2971,1
261380811,2970,2
261377138,2969,5
261374910,2968,11
261371802,2966,7
261371049,2964,6
261370465,2962,6
261360773,2961,1
261356599,2960,2
261351169,2959,9
261283045,2956,1
261111744,2953,1
260977477,2951,6
260972928,2950,3
260970901,2949,1
260966034,2948,17
260955239,2947,2
260883617,2944,1
260877442,2942,2
260694104,2939,2
260572173,2937,5
260571891,2936,1
260571680,2935,1
260531828,2931,6
260500700,2930,1
260485481,2929,2
260432072,2925,1
260269999,2924,3
260213399,2923,2
260195111,2921,10
260193333,2919,12
260182552,2918,1
260167544,2916,7
260147376,2915,1
260142316,2914,11
260136382,2913,2
260116241,2911,11
260111581,2909,1
260109081,2908,1
260090960,2907,2
260072244,2905,7
260057646,2904,2
259835124,2903,10
259763262,2902,1
259729387,2901,9
259671071,2900,6
259654029,2899,13
259651904,2898,13
259612123,2894,2
259603694,2893,2
259599110,2892,5
259581734,2891,4
259575804,2890,3
259554182,2889,1
259371291,2888,13
259321142,2887,8
259310407,2886,3
259295418,2885,6
259261925,2883,2
259246789,2880,4
259205182,2878,1
258972512,2876,2
258945949,2875,5
258915191,2874,2
258900721,2872,1
258830412,2869,4
258581348,2867,19
258547660,2865,14
258510862,2863,1
258508755,2862,8
258504566,2861,4
258484956,2860,3
258481501,2859,10
258474761,2858,18
258467266,2856,22
258465112,2855,4
258452976,2852,1
258441397,2851,5
258440542,2850,3
258416251,2849,4
258313173,2847,2
258156987,2846,7
258150340,2845,2
258150121,2844,1
258146453,2843,2
258135980,2842,8
258112636,2840,1
258106075,2839,1
257764866,2825,6
257631988,2822,2
257606235,2819,5
257516353,2815,2
257512510,2814,1
257322755,2812,3
257309866,2811,14
257291926,2809,2
257291081,2808,9
257287446,2807,2
257264148,2804,20
257262065,2803,5
257206161,2800,4
257197871,2799,5
257170208,2797,16
257168629,2796,6
257086103,2792,2
257046507,2790,1
256882954,2783,6
256880872,2782,1
256877950,2781,5
256876879,2780,7
256874471,2779,4
256871335,2777,2
256868304,2775,180
256866253,2773,3
256857657,2771,10
256852591,2770,2
256836343,2766,12
256824281,2765,21
256803456,2764,5
256781073,2761,11
256771435,2759,1
256771386,2758,1
256770095,2757,181
256563948,2755,4
256535871,2754,7
256509231,2753,12
256481009,2749,3
256467627,2748,18
256462840,2747,1
256442479,2745,1
256416441,2744,1
256408534,2743,1
256402199,2742,1
256395778,2741,1
256391236,2740,4
256378404,2738,8
256246649,2733,4
256141354,2731,13
256105088,2730,10
256104715,2729,16
256099322,2727,2
256090473,2724,7
256085683,2722,1
256077158,2718,4
256075189,2716,4
256075049,2715,1
256057103,2712,2
255990712,2710,4
255990549,2709,3
255970787,2707,3
255631005,2706,1
255590689,2705,1
255588485,2704,26
255572049,2703,3
255564116,2702,3
255562192,2701,1
255536897,2700,7
255509418,2698,3
255486148,2697,6
255262907,2695,4
255254924,2693,8
255254712,2692,9
255247246,2691,1
255239389,2690,1
255217899,2688,6
255206630,2687,4
255180095,2684,1
255144279,2682,1
255125666,2681,9
254946012,2676,2
254851407,2675,5
254850184,2674,8
254849145,2673,3
254827132,2672,14
254775976,2667,3
254770547,2666,1
254768350,2665,4
254766057,2664,2
254733422,2661,12
254529745,2651,3
254526021,2650,27
254480665,2649,6
254472332,2648,3
254468661,2647,2
254464524,2646,12
254455084,2643,1
254440217,2641,1
254435710,2638,12
254434076,2636,5
254430868,2635,1
254428430,2632,2
254415422,2630,12
254408582,2625,8
254332257,2611,1
254087209,2608,2
254085328,2607,1
254083453,2605,4
254067625,2602,16
254038042,2601,4
254022452,2600,1
253785664,2595,1
253592784,2584,4
253580755,2580,5
253578162,2579,1
253575880,2578,1
253573730,2577,4
253544288,2574,4
253511254,2569,2
253499470,2568,7
253280813,2564,6
253277231,2563,8
253264867,2562,1
253264229,2561,4
253262851,2560,27
253260514,2558,1
253248849,2556,2
252948848,2548,1
252924284,2547,3
252916268,2546,7
252904388,2544,3
252897029,2543,1
252891720,2541,3
252869374,2539,2
252852891,2537,15
252827001,2532,2
252801265,2531,2
252789098,2529,2
252589929,2528,5
252531133,2526,2
252528012,2525,3
252527543,2524,3
252512798,2518,14
252512523,2517,16
252458005,2516,5
252164624,2511,6
252139006,2510,7
252137799,2509,1
252081672,2507,3
252080220,2506,10
252075114,2505,7
252072546,2504,12
252061540,2503,12
252029276,2497,12
251869286,2494,4
251768362,2493,1
251755505,2491,5
251618928,2483,24
251478484,2481,1
251338181,2476,20
251327476,2475,5
251300429,2470,9
250998331,2453,8
250975907,2451,17
250964062,2450,1
250960079,2449,8
250950845,2448,7
250917255,2442,3
250916773,2441,2
250907514,2439,2
250857177,2436,6
250855669,2435,7
250821688,2434,3
250700981,2432,12
250664194,2431,10
250609989,2429,5
250608000,2428,9
250595722,2427,7
250583425,2426,1
250567435,2424,5
250520521,2421,5
250508769,2419,1
250294674,2417,9
250280874,2416,6
250267713,2414,6
250248803,2411,5
250234211,2409,3
250204453,2408,4
250181909,2406,6
250169853,2405,4
250160501,2404,3
250138787,2402,6
249906474,2395,1
249901560,2394,10
249894213,2393,14
249890626,2392,2
249889755,2390,11
249817000,2388,1
249794602,2387,6
249786280,2386,1
249773837,2383,1
249773692,2382,4
249770406,2380,4
249714797,2374,5
249703691,2372,9
249680125,2369,1
249623382,2368,1
249614885,2367,14
249564399,2366,5
249535439,2365,5
249519337,2364,5
249515321,2363,8
249510732,2362,4
249500966,2360,2
249468493,2359,1
249453608,2357,10
249447994,2355,1
249435259,2351,2
249428687,2349,2
249388049,2347,2
249360198,2345,3
249357544,2344,11
249230931,2343,2
249096250,2340,13
249085043,2339,8
249039693,2334,3
249003330,2331,2
249002821,2330,12
248997646,2329,4
248981975,2327,1
248953107,2324,3
248949349,2323,3
248757568,2321,1
248756858,2320,120
248710996,2317,2
248695823,2314,2
248679310,2312,11
248659660,2309,11
248655536,2308,2
248647348,2307,1
248616908,2304,1
248451994,2303,3
248377454,2302,13
248347069,2300,9
248335807,2296,2
248333793,2295,3
248308073,2290,3
248292984,2287,1
248283840,2285,3
248282368,2284,4
248185459,2262,1
248010444,2261,4
247996150,2259,2
247961047,2256,15
247864880,2254,2
247837985,2250,5
247824285,2248,1
247759267,2246,1
247758393,2245,3
247745886,2243,23
247528683,2241,3
247528373,2239,13
247508299,2236,4
247505281,2235,5
247498512,2234,2
247450126,2232,7
247412134,2230,4
247395188,2229,1
247280564,2228,1
247201057,2227,2
247186021,2226,1
247182195,2225,3
247181512,2224,8
247174825,2222,7
247171734,2221,1
247170316,2220,4
247167230,2219,5
247161315,2218,1
247146366,2217,6
247135810,2216,1
247131282,2215,1
247130420,2214,4
247113126,2212,1
246914611,2209,2
246807954,2208,9
246788370,2206,1
246779726,2205,5
246773478,2204,6
246760602,2203,3
246709646,2202,5
246441160,2200,6
246429777,2199,2
246089989,2195,5
246080880,2194,18
245991334,2192,2
245966340,2190,10
245942972,2189,8
245920457,2188,16
245688094,2182,5
245684417,2180,10
245672592,2178,1
245658300,2176,3
245614666,2173,8
245388528,2170,5
245344236,2169,10
245326995,2168,2
245318675,2166,8
245280573,2163,9
245252965,2161,3
245058541,2160,1
244984304,2158,4
244984064,2157,5
244953257,2153,2
244907607,2152,3
244663102,2146,28
244634662,2143,4
244628408,2142,5
244605406,2140,3
244589569,2139,4
244580765,2138,1
244545242,2136,7
244190856,2135,2
244173187,2132,8
244171709,2131,4
244168786,2130,1
244159978,2128,1
244112251,2125,2
244107690,2124,18
244096395,2123,6
243881963,2119,1
243875321,2118,6
243870747,2117,1
243867683,2116,55
243867443,2115,5
243832331,2113,1
243808693,2112,3
243803694,2111,9
243577003,2110,1
243546081,2109,10
243539566,2108,2
243539174,2107,3
243538567,2105,2
243528832,2101,6
243507145,2098,6
243445272,2093,13
243415676,2091,5
243230252,2088,3
243188896,2085,21
243172498,2082,2
243164163,2081,2
243155615,2080,2
243088405,2076,1
243079509,2073,4
243068575,2071,3
242854290,2067,26
242830262,2066,6
242818303,2065,1
242806895,2061,3
242788256,2060,5
242768040,2059,6
242752545,2058,2
242740201,2057,2
242679457,2049,3
242565019,2048,13
242538415,2047,9
242517255,2045,22
242480423,2043,1
242413067,2036,2
242410841,2033,6
242407693,2032,1
242407012,2031,14
242397099,2030,1
242394777,2029,2
242382282,2027,4
242337523,2024,4
242323419,2023,5
242285470,2021,5
242206503,2020,1
242153260,2018,4
242148987,2017,2
242144688,2015,2
242125865,2013,23
242123800,2012,1
242123240,2011,1
242088901,2008,4
242063680,2007,3
241903947,2005,1
241903443,2004,101
241872674,2001,2
241868025,2000,4
241864614,1998,4
241711675,1994,1
241603632,1989,2
241592596,1988,2
241274179,1979,1
241242023,1975,13
241216843,1972,7
241112656,1971,1
240712445,1966,1
240709949,1963,4
240617031,1956,1
240611789,1955,4
240603621,1953,6
240517288,1951,11
240329324,1946,1
240275729,1944,1
240271535,1941,1
240049031,1940,11
240046664,1938,3
240040910,1937,7
240033949,1936,1
240029817,1934,2
240002258,1932,1
239978694,1930,15
239950499,1929,22
239941408,1928,3
239890828,1926,1
239729365,1924,6
239708428,1922,6
239679012,1920,7
239659417,1918,4
239645975,1917,1
239641910,1914,9
239631816,1910,1
239584019,1905,2
239361509,1902,4
239359056,1901,3
239334878,1900,18
239321305,1898,3
239318344,1897,1
239316261,1896,2
239315898,1894,4
239301533,1893,2
239284183,1892,2
239003836,1889,1
238999924,1888,4
238997564,1887,1
238856320,1885,4
238847191,1884,2
238804102,1883,1
238643403,1879,4
238575170,1878,12
238571430,1877,2
238568220,1876,9
238566936,1875,1
238559717,1873,11
238468538,1872,3
238262622,1870,7
238251749,1869,4
237945649,1868,4
237874760,1865,6
237860606,1864,3
237841521,1863,4
237835711,1862,3
237818603,1861,3
237773540,1859,14
237572695,1858,7
237493562,1856,8
237490167,1855,5
236945022,1849,4
236778651,1848,7
236772635,1847,50
236723938,1846,1
236709932,1845,3
236688124,1844,10
236646754,1842,1
236447942,1838,1
236385720,1837,6
236383827,1836,6
236382000,1835,3
236379441,1833,7
236346275,1832,3
236329121,1830,1
236300512,1829,1
236241220,1828,1
235961173,1822,13
235938147,1821,6
235710595,1817,7
235702060,1816,3
235697799,1815,4
235693318,1814,11
235642482,1813,1
235642366,1812,4
235617169,1811,26
235597141,1810,3
235589401,1808,1
235225536,1805,1
235224194,1804,5
235206414,1801,3
235113671,1793,4
235100237,1792,2
235064365,1788,5
234828448,1786,2
234822965,1785,3
234807018,1784,9
234786343,1782,2
234734826,1780,16
234648090,1779,1
234494104,1777,2
234481119,1775,4
234455250,1762,9
234418974,1759,10
234400552,1757,1
234273508,1750,1
234193491,1749,119
234176028,1748,118
234120264,1747,4
234099784,1745,3
234074845,1744,1
234045581,1742,1
234040095,1740,1
234034712,1739,12
233790906,1735,3
233778195,1733,4
233774783,1731,4
233737297,1728,9
233733083,1727,13
233718797,1724,12
233654983,1722,5
233369254,1717,8
233081692,1714,8
232818308,1710,24
232814764,1709,10
232798285,1700,9
232527880,1694,5
232505240,1692,10
232504485,1691,3
232437857,1687,3
232418889,1686,12
232386447,1683,49
232229811,1682,18
232218711,1681,2
232177441,1680,11
232154605,1678,3
232151584,1677,24
232144393,1676,2
232126366,1674,1
232093370,1671,1
232060071,1670,1
231845788,1664,10
231751714,1663,13
231699275,1661,1
231687858,1659,6
231680576,1658,21
231676458,1657,5
231675794,1656,22
231663725,1655,8
231630469,1654,12
231408283,1650,14
231391231,1647,1
231382039,1646,12
231362655,1642,1
231360413,1641,6
231340220,1638,1
231329909,1637,11
231118459,1626,10
231048294,1624,5
231013591,1621,2
230946272,1620,8
230944763,1619,3
230928423,1618,30
230591534,1612,3
230371361,1607,10
230349361,1606,9
230316086,1605,2
230222432,1601,1
229942215,1599,19
229909486,1598,1
229895005,1597,1
229894830,1596,10
229855130,1594,16
229835622,1593,1
229831967,1592,16
229819729,1590,6
229616343,1588,3
229612533,1587,12
229606033,1586,13
229559777,1584,2
229541101,1583,4
229512216,1582,16
229471787,1580,14
229381534,1578,4
229235892,1574,7
229223828,1573,2
229198544,1571,6
229194726,1570,9
229189700,1569,6
229170674,1566,2
229031073,1564,3
228927358,1563,1
228883917,1561,5
228874187,1559,4
228869856,1558,4
228859573,1555,2
228838874,1552,2
228838830,1551,3
228804151,1547,11
228800370,1546,1
228788598,1545,3
228599655,1543,3
228543007,1538,16
228537661,1536,4
228517064,1535,2
228469441,1530,11
228463463,1527,14
228412123,1526,1
228187076,1524,16
228108410,1520,2
228066328,1518,2
228051000,1517,3
228049465,1516,9
228010476,1513,1
228007518,1512,1
227979587,1511,2
227847997,1509,1
227809953,1507,9
227735625,1505,10
227681728,1499,1
227654178,1497,3
227652998,1496,1
227532235,1494,4
227517981,1493,41
227472470,1486,4
227444136,1476,1
227436140,1475,2
227422217,1470,1
227417649,1469,161
227396723,1467,1
227194007,1465,157
227174430,1464,157
227169917,1463,157
227140907,1462,39
227105511,1461,4
227101411,1460,9
227071677,1458,4
227050910,1457,5
227050633,1456,6
227049049,1455,2
227043862,1454,6
227039531,1453,18
227023315,1452,45
227007938,1450,13
226811605,1448,7
226757126,1447,56
226723446,1444,39
226710547,1439,26
226681325,1437,1
226660473,1434,1
226656829,1433,1
226650371,1432,11
226637743,1430,1
226580186,1428,2
226568960,1427,2
226565015,1426,3
226367583,1420,2
226355201,1418,1
226353892,1417,2
226352088,1416,8
226311044,1415,1
226301872,1414,2
226300610,1413,2
226279630,1412,1
226266765,1410,38
226236992,1407,8
226234242,1406,15
226232844,1405,1
226160821,1400,1
226107581,1394,1
226084983,1393,3
225994438,1392,21
225954903,1390,2
225941155,1388,3
225924245,1385,7
225917937,1384,2
225901818,1383,1
225880410,1381,1
225652831,1378,1
225649664,1377,1
225641115,1376,6
225611655,1375,5
225608662,1373,1
225596749,1371,11
225585028,1370,9
225547035,1368,3
225513469,1365,2
225501510,1361,3
225391893,1355,2
225287947,1353,2
225273856,1352,12
225191225,1350,5
225180095,1347,4
225154049,1346,1
225145946,1345,1
225112387,1343,4
225017329,1341,6
224907267,1340,4
224832472,1338,1
224664026,1336,1
224562471,1334,1
224561791,1333,30
224560395,1332,2
224495673,1330,1
224454664,1328,21
224449155,1327,3
224440127,1326,0
224437310,1324,1
224404103,1321,22
224386592,1320,4
224316122,1315,1
224164794,1311,5
224153848,1310,5
224151505,1309,10
224112032,1306,9
224105195,1305,4
224088079,1303,4
224039209,1301,4
224037357,1299,1
223883582,1296,1
223801000,1294,9
223792721,1293,2
223791960,1292,4
223791764,1291,3
223775074,1290,2
223752548,1285,11
223674563,1281,7
223560896,1278,39
223497161,1277,1
223477673,1276,9
223457326,1275,1
223372035,1274,5
223067654,1270,1
223067146,1269,12
223018831,1266,7
223000534,1264,1
222984033,1263,49
222976130,1261,1
222795929,1258,1
222683243,1254,45
222642741,1253,1
222620346,1252,9
222612337,1249,44
222577436,1243,1
222520630,1240,3
222513689,1238,2
222506356,1236,23
222301689,1234,2
222244323,1230,39
222221808,1229,3
222065881,1227,1
222022232,1224,4
221946959,1218,8
221943931,1217,21
221895776,1213,3
221877969,1212,13
221872491,1210,1
221624267,1208,6
221603604,1206,14
221554939,1200,2
221468674,1193,3
221318667,1192,5
221281919,1191,24
221264578,1189,6
221226191,1185,2
221188291,1184,1
221182333,1182,3
220963219,1179,5
220910890,1178,1
220882818,1177,4
220876528,1176,1
220870763,1174,10
220868985,1173,6
220853354,1172,4
220838165,1169,4
220825795,1167,15
220823742,1166,1
220818667,1165,1
220692734,1164,39
220597867,1163,4
220592855,1161,5
220570973,1160,6
220556937,1158,1
220515023,1155,2
220443467,1152,1
220440767,1151,1
220411348,1149,1
220292322,1147,2
220235294,1145,2
220195440,1143,7
220186470,1142,2
220180459,1141,3
220158783,1140,1
220152427,1139,5
219951027,1135,3
219934104,1134,7
219931178,1132,39
219876712,1127,250
219871817,1126,2
219862809,1125,2
219852257,1123,2
219847828,1122,4
219784032,1119,2
219757873,1118,5
219681176,1117,1
219593923,1116,36
219572713,1115,2
219571296,1114,1
219550685,1112,1
219550406,1111,6
219501072,1105,10
219238326,1102,2
219119819,1099,1
219092089,1094,9
219084958,1093,1
219061125,1091,3
218853534,1089,7
218845126,1088,2
218842565,1086,6
218819811,1084,11
218818975,1083,2
218817807,1082,1
218798263,1080,4
218795982,1079,3
218782636,1077,2
218758699,1076,8
218739427,1075,2
218737695,1074,1
218640913,1070,1
218528086,1068,13
218493836,1066,10
218478908,1063,24
218472351,1058,2
218418120,1037,1
218416230,1036,106
218413114,1035,1
218155827,1033,11
218132241,1032,4
218128154,1030,7
218126247,1029,2
218119977,1028,7
218075747,1025,1
218072093,1024,5
218054372,1022,2
218013835,1021,27
217885601,1020,5
217830612,1017,8
217826867,1016,6
217822620,1014,1
217820218,1012,9
217812872,1009,11
217805711,1008,1
217796260,1007,1
217789556,1005,14
217774791,1002,4
217757451,1001,14
217739833,999,2
217682285,998,3
217442618,996,12
217435805,994,4
217433315,993,2
217426390,992,9
217425897,991,23
217402405,988,15
217363668,981,2
217354850,979,18
217347629,977,48
217173543,974,2
217147512,973,6
217142557,972,18
217108843,970,15
217091835,967,1
217033856,965,9
216874705,963,2
216850548,962,10
216819504,961,2
216819342,960,18
216799143,957,21
216788975,954,2
216778913,953,14
216776728,952,15
216726210,947,12
216712348,944,9
216488039,943,3
216477754,942,32
216476140,941,3
216470411,940,9
216469062,939,4
216460814,937,1
216098852,931,8
215846012,928,7
215791445,926,1
215731593,923,6
215728978,922,1
215720561,920,6
215677231,917,11
215538432,914,6
215495065,912,13
215448685,909,5
215128458,901,2
215117998,900,1
215109095,899,18
215069721,896,5
214796249,890,6
214770149,888,10
214740534,887,2
214731600,886,2
214509840,883,2
214505696,882,5
214491298,881,3
214474644,880,3
214472794,879,1
214471147,877,6
214460271,876,20
214457714,874,1
214161745,870,1
214117781,869,2
214101415,867,8
214062420,865,8
214059396,864,3
214059035,863,44
214056812,862,12
214053357,860,1
214051900,858,21
214048789,857,8
214047956,856,14
214043345,855,19
213784506,853,54
213780325,852,7
213762251,851,1
213713503,849,8
213632057,846,3
213612391,845,3
213536487,843,4
213476090,842,1
213431593,840,9
213180796,837,5
213143068,825,4
213140206,822,1
213139726,821,3
213138753,820,7
213133891,818,1
213132027,817,2
213128770,816,3
213124665,815,2
213123665,814,21
213095760,813,1
213083813,812,4
213072927,811,1
213053542,809,10
213050648,808,5
212523105,801,10
212516229,800,4
212513835,799,6
212513286,798,1
212505336,797,8
212504709,796,21
212497792,795,3
212479686,793,1
212442539,790,3
212246670,788,4
212163525,783,12
212160280,782,1
212113760,778,19
212081987,777,1
211954522,775,39
211940807,774,1
211937681,773,3
211927896,771,3
211888881,768,6
211849556,767,2
211543145,759,21
211485219,757,7
211252283,753,20
211212519,750,7
211070599,743,25
211003901,735,13
210973273,734,1
210932127,731,7
210920142,730,2
210834137,729,5
210801372,728,10
210792786,727,2
210600059,724,9
210562795,723,8
210543862,722,6
210530674,720,6
210271222,716,12
209982395,706,29
209979045,705,23
209958210,704,61
209872133,703,7
209667340,701,3
209659547,700,4
209653291,698,2
209346401,693,24
209334829,692,20
209286619,691,29
209275437,690,7
209209270,688,12
209205098,687,45
209172599,686,2
208944226,684,24
208751727,683,56
208700665,681,8
208109059,677,5
207735337,672,4
207469857,671,6
207202121,670,1
207150081,668,8
207103949,667,5
207008527,665,10
206854279,662,1
206747634,660,42
206716974,658,1
206552708,656,3
206529275,653,17
206436019,652,1
206416408,651,1
206303120,647,14
206156260,646,2
206123338,645,1
206123078,644,125
206057882,643,1
205933571,641,1
205899223,640,7
205898550,639,4
205835868,636,1
205833459,635,1
205827932,634,9
205610116,629,118
205589409,628,1
205568611,627,118
205536304,626,1
205478962,625,8
205403301,624,7
205293718,622,9
205268848,621,3
205241223,620,11
205110073,616,21
204964800,614,6
204952140,611,18
204930934,610,1
204893536,607,25
204801074,600,5
204633689,597,6
204566484,594,1
204480962,592,4
204365093,587,15
203612773,579,3
203598469,578,9
203364112,575,6
203346419,574,1
203298002,572,2
202961029,566,5
202909875,565,1
202766623,562,43
202464550,557,16
202429202,556,104
202424070,555,10
202112930,550,9
202097902,548,8
202062917,545,29
201966223,542,2
201678260,539,5
201343943,529,19
201308304,528,26
201301648,527,1
200885890,522,13
200513234,520,6
200423451,516,1
200271565,514,6
200173816,510,9
199977259,505,1
199565726,499,1
199504446,496,13
199349823,492,3
199119112,491,7
199088268,490,6
199050949,488,2
199039369,486,1
199023450,485,1
198817797,479,8
198815741,478,3
198804904,476,2
198777415,472,5
198746986,468,2
198735476,467,4
198565008,464,3
198496639,463,4
198463763,462,9
198454494,461,18
198428916,455,8
198417253,454,3
198189050,452,10
198188126,449,1
198184319,448,4
198152252,447,9
198105718,446,5
197852748,444,1
197835161,442,4
197830693,441,56
197822717,439,1
197812581,437,3
197779172,431,1
197763970,430,3
197674019,428,2
197619378,427,1
197615290,426,54
197599890,425,1
197568989,422,1
197513185,419,6
197287095,413,1
197274304,411,1
197254243,408,1
197203922,405,8
197134577,402,7
196844601,397,4
196839973,394,11
196799134,393,8
196656230,392,14
196276707,386,1
196251102,385,1
196200473,383,2
195983651,379,25
195982439,377,43
195653108,372,5
195597533,370,1
195584734,369,4
195513585,368,2
195318264,365,2
195240979,364,3
194996573,363,4
194941861,362,1
194933258,361,1
194871771,359,8
194853273,358,0
194740374,356,2
194649034,355,1
194407163,351,1
194200032,348,3
193872915,344,1
193729789,339,13
193713223,338,2
193674014,335,1
193475074,330,2
193448600,327,5
193175263,324,12
193126468,320,6
192860256,316,5
192833110,310,4
192776510,304,2
192711008,303,1
192567517,301,3
192529571,297,2
192513791,296,1
192495361,295,9
192478595,294,1
192469963,293,3
192459384,291,7
192162653,289,1
192144500,287,1
192123970,286,6
192090848,284,5
191902745,280,6
191861884,278,3
191859804,277,4
191836582,276,1
191824543,275,2
191680547,273,1
191591993,271,1
191573087,270,4
191558613,269,1
191558420,268,5
191518336,266,1
191368988,264,1
191258105,263,6
191208164,260,2
190975844,255,7
190971008,253,7
190956652,252,1
190836600,248,29
190789960,247,1
190481705,240,1
190440200,239,7
190395844,238,7
190372083,236,4
190227428,233,6
190223803,232,3
190217925,231,6
190215319,230,6
190212612,229,3
190204436,228,2
190197934,227,2
190161111,224,11
190132344,222,7
190109525,221,2
190105591,219,3
190023993,213,2
189904817,212,26
189811819,207,12
189554049,198,16
189524420,197,2
189478087,196,1
189437737,193,7
189146503,190,1
189090606,187,1
188894977,185,19
188825416,183,3
188593718,178,1
188588836,177,9
188559339,176,1
188539210,173,5
188526955,172,2
188497619,170,14
188278758,165,1
187994749,155,2
187980994,154,3
187939463,152,15
187914398,148,9
187883892,147,1
187875580,146,1
187873594,145,1
187756043,142,24
187685056,139,2
187592872,136,1
187551841,134,6
187545152,133,6
187522594,131,6
187469726,129,1
187339957,122,10
187338056,121,5
187318682,120,5
187277470,115,5
187271001,113,8
187233459,111,2
187183083,109,1
187062101,106,16
187056011,105,2
186998314,102,7
186985041,99,1
186947384,95,1
186927455,94,1
186839941,90,1
186836254,87,4
186760431,84,1
186653523,79,1
186649292,78,1
186609566,76,1
186607405,75,1
186546123,71,3
186516699,65,1
186490695,62,10
186488231,61,32
186475698,59,3
186473222,58,7
186469391,55,2
186452952,54,2
186439856,52,5
186437795,50,10
186423007,48,1
186404228,46,2
186392724,45,2
186391779,44,1
186390874,42,3
186256675,40,14
186223122,38,5
186221148,37,3
186175346,35,5
186128165,30,5
186127571,29,2
186123390,17,3
186120679,13,5
186115696,12,1
186062645,2,1
186038133,1,5
