group,oldest_pull,pulls_total,commits_total
0,1,1,1
1,2,1,1
2,30,1,1
3,35,1,6
4,37,1,1
5,40,1,1
6,42,1,1
7,46,1,1
8,45,1,1
9,48,1,1
10,54,1,3
11,59,1,1
12,55,1,1
13,65,1,1
14,52,1,1
15,71,1,1
16,58,1,1
17,84,1,1
18,90,1,1
19,95,1,1
20,50,1,1
21,99,1,1
22,94,1,1
23,105,1,2
24,102,1,1
25,121,1,1
26,129,1,1
27,134,1,1
28,133,1,1
29,122,1,1
30,139,1,1
31,115,1,1
32,113,1,1
33,146,1,1
34,147,1,1
35,145,1,1
36,106,1,1
37,154,1,1
38,62,1,1
39,155,1,1
40,131,1,1
41,172,1,1
42,87,1,1
43,177,1,1
44,165,1,1
45,187,1,1
46,183,1,1
47,142,1,1
48,173,1,1
49,120,1,1
50,152,1,1
51,213,1,1
52,196,1,1
53,170,1,1
54,219,1,1
55,221,1,1
56,197,1,1
57,207,1,1
58,227,1,1
59,228,1,1
60,231,1,1
61,233,1,1
62,222,1,1
63,240,1,1
64,239,1,1
65,212,1,1
66,260,1,1
67,263,1,1
68,255,1,1
69,253,1,1
70,247,1,1
71,236,1,1
72,266,1,1
73,269,1,1
74,270,1,1
75,271,1,1
76,275,1,1
77,276,1,1
78,278,1,1
79,252,1,1
80,277,1,1
81,280,1,1
82,289,1,1
83,296,1,1
84,297,1,1
85,294,1,1
86,301,1,1
87,291,1,1
88,304,1,1
89,310,1,1
90,248,1,1
91,316,1,1
92,109,1,1
93,61,1,1
94,335,1,1
95,185,1,1
96,286,1,1
97,284,1,1
98,327,1,1
99,339,1,1
100,324,1,1
101,348,1,1
102,338,1,1
103,351,1,1
104,355,1,1
105,356,1,1
106,370,1,1
107,369,1,1
108,368,1,1
109,372,1,1
110,364,1,1
111,363,1,1
112,385,1,1
113,386,1,1
114,295,1,1
115,377,1,1
116,413,1,1
117,392,1,1
118,419,1,1
119,379,1,1
120,422,1,1
121,397,1,1
122,425,1,1
123,394,1,1
124,362,1,1
125,427,1,1
126,430,1,1
127,439,1,1
128,437,1,1
129,393,1,1
130,405,1,1
131,452,1,1
132,464,1,1
133,454,1,1
134,447,1,1
135,455,1,1
136,442,1,1
137,468,1,2
138,476,1,1
139,463,1,1
140,446,1,1
141,467,1,1
142,644,1,3
143,478,1,1
144,486,1,1
145,490,1,1
146,488,1,1
147,448,1,1
148,462,1,1
149,496,1,1
150,499,1,1
151,516,1,1
152,491,1,1
153,359,1,1
154,510,1,1
155,505,1,1
156,428,1,1
157,527,1,1
158,514,1,1
159,461,1,1
160,520,1,2
161,485,1,1
162,472,1,1
163,522,1,1
164,529,1,1
165,542,1,1
166,539,1,1
167,550,1,1
168,566,1,1
169,574,1,1
170,555,1,1
171,572,1,1
172,557,1,1
173,579,1,1
174,548,1,1
175,575,1,1
176,592,1,1
177,587,1,1
178,594,1,1
179,610,1,1
180,597,1,1
181,545,1,1
182,528,1,1
183,611,1,1
184,614,1,1
185,624,1,1
186,626,1,1
187,616,1,1
188,621,1,1
189,625,1,1
190,636,1,1
191,634,1,1
192,635,1,1
193,643,1,1
194,645,1,1
195,651,1,1
196,562,1,1
197,652,1,1
198,656,1,1
199,775,1,1
200,647,1,1
201,641,1,1
202,662,1,1
203,620,1,1
204,622,1,1
205,665,1,1
206,668,1,1
207,672,1,1
208,671,1,1
209,653,1,1
210,681,1,1
211,677,1,1
212,701,1,1
213,690,1,1
214,688,1,1
215,698,1,1
216,703,1,1
217,700,1,1
218,722,1,1
219,716,1,1
220,667,1,1
221,723,1,1
222,706,1,1
223,750,1,1
224,734,1,1
225,684,1,1
226,727,1,1
227,729,1,1
228,691,1,1
229,767,1,1
230,704,1,5
231,640,1,1
232,774,1,1
233,782,1,1
234,753,1,1
235,735,1,1
236,771,1,1
237,788,1,1
238,790,1,1
239,757,1,1
240,759,1,1
241,778,1,1
242,795,1,1
243,811,1,1
244,813,1,1
245,797,1,1
246,808,1,1
247,773,1,1
248,818,1,1
249,822,1,1
250,1036,1,1
251,768,1,1
252,812,1,1
253,837,1,1
254,809,1,1
255,814,1,1
256,801,1,1
257,728,1,1
258,845,1,1
259,852,1,1
260,843,1,1
261,840,1,1
262,817,1,1
263,851,1,1
264,849,1,1
265,842,1,1
266,874,1,1
267,870,1,1
268,869,1,1
269,879,1,1
270,820,1,1
271,857,1,1
272,882,1,1
273,881,1,1
274,856,1,1
275,867,1,1
276,858,1,1
277,860,1,1
278,880,1,1
279,900,1,1
280,901,1,1
281,865,1,1
282,909,1,1
283,914,1,1
284,887,1,1
285,896,1,1
286,922,1,1
287,743,1,1
288,926,1,1
289,920,1,1
290,923,1,1
291,899,1,1
292,886,1,1
293,937,1,2
294,931,1,1
295,928,1,1
296,855,1,1
297,917,1,1
298,876,1,1
299,863,1,1
300,888,1,1
301,862,1,1
302,912,1,1
303,963,1,1
304,944,1,1
305,961,1,1
306,962,1,1
307,943,1,1
308,953,1,2
309,981,1,1
310,967,1,1
311,973,1,1
312,940,1,1
313,974,1,1
314,954,1,1
315,993,1,1
316,999,1,1
317,972,1,1
318,1007,1,1
319,1002,1,1
320,998,1,1
321,970,1,1
322,853,1,2
323,1025,1,2
324,957,1,1
325,996,1,1
326,1012,1,1
327,1009,1,1
328,1022,1,1
329,991,1,1
330,1020,1,1
331,1005,1,1
332,1030,1,1
333,942,1,1
334,1014,1,1
335,1029,1,1
336,1017,1,1
337,1037,1,1
338,1058,1,1
339,1035,1,1
340,1070,1,1
341,1074,1,1
342,939,1,1
343,800,1,1
344,1077,1,1
345,1080,1,1
346,1001,1,1
347,1075,1,1
348,1079,1,1
349,979,1,1
350,1082,1,1
351,1086,1,1
352,1083,1,1
353,1084,1,1
354,1088,1,1
355,960,1,1
356,1068,1,1
357,1099,1,1
358,1091,1,1
359,1102,1,1
360,1076,1,1
361,1093,1,1
362,1024,1,1
363,1114,1,1
364,1117,1,1
365,965,1,1
366,1032,1,1
367,977,1,1
368,1123,1,1
369,1033,1,1
370,1118,1,1
371,1115,1,1
372,1089,1,1
373,1140,1,1
374,1135,1,1
375,1139,1,1
376,1142,1,1
377,1149,1,1
378,1105,1,1
379,1147,1,1
380,1141,1,1
381,1155,1,1
382,1111,1,1
383,1122,1,1
384,1126,1,1
385,799,1,1
386,1134,1,1
387,1145,1,1
388,1151,1,1
389,1161,1,1
390,1163,1,1
391,1182,1,1
392,1063,1,2
393,1179,1,1
394,1184,1,1
395,992,1,1
396,1016,1,1
397,1191,1,1
398,947,1,1
399,1193,1,1
400,952,1,1
401,1192,1,1
402,1200,1,1
403,1143,1,1
404,1008,1,1
405,1210,1,1
406,1169,1,1
407,1212,1,1
408,1172,1,1
409,1227,1,1
410,1224,1,1
411,1234,1,1
412,1189,1,1
413,1160,1,1
414,1238,1,1
415,1243,1,1
416,1206,1,1
417,1258,1,1
418,1229,1,1
419,1167,1,1
420,1261,1,1
421,1218,1,1
422,1277,1,1
423,1275,1,1
424,1252,1,1
425,1290,1,1
426,1276,1,1
427,1291,1,1
428,1311,1,1
429,1281,1,1
430,1293,1,2
431,1292,1,1
432,1217,1,1
433,1269,1,1
434,1236,1,1
435,1324,1,1
436,1327,1,1
437,1310,1,1
438,1303,1,1
439,1285,1,1
440,1294,1,1
441,1266,1,1
442,1305,1,1
443,1299,1,1
444,1341,1,1
445,1301,1,1
446,1350,1,1
447,1347,1,1
448,1353,1,1
449,1274,1,1
450,1112,1,1
451,1365,1,1
452,1333,1,1
453,1355,1,1
454,1249,1,1
455,1377,1,1
456,1361,1,1
457,1208,1,1
458,1306,1,1
459,1368,1,1
460,1370,1,1
461,1320,1,1
462,1388,1,1
463,1343,1,1
464,1263,1,1
465,1390,1,1
466,1378,1,1
467,1469,1,3
468,1309,1,1
469,1381,1,1
470,1400,1,1
471,1352,1,1
472,1412,1,1
473,1427,1,1
474,1418,1,1
475,1405,1,1
476,1430,1,1
477,1433,1,1
478,1407,1,1
479,1432,1,1
480,1328,1,1
481,1437,1,1
482,1385,1,1
483,1448,1,1
484,1321,1,1
485,1371,1,1
486,1457,1,1
487,1428,1,1
488,1455,1,1
489,1458,1,1
490,1439,1,1
491,1406,1,1
492,1254,1,1
493,1460,1,1
494,1467,1,1
495,1470,1,1
496,1454,1,1
497,1450,1,1
498,1177,1,1
499,1475,1,1
500,1453,1,1
501,1494,1,1
502,1461,1,1
503,1509,1,1
504,1486,1,1
505,1512,1,2
506,1499,1,1
507,1513,1,1
508,1497,1,1
509,1511,1,1
510,1520,1,1
511,1507,1,1
512,1517,1,1
513,1420,1,1
514,1518,1,1
515,1535,1,1
516,1530,1,1
517,1516,1,1
518,1546,1,1
519,1527,1,1
520,1456,1,1
521,1417,1,1
522,1543,1,1
523,1551,1,1
524,1021,1,1
525,1538,1,1
526,1561,1,1
527,1555,1,1
528,1563,1,1
529,1536,1,1
530,1545,1,1
531,1569,1,1
532,1558,1,1
533,1452,1,1
534,1552,1,2
535,1573,1,1
536,1559,1,1
537,1505,1,1
538,1588,1,1
539,1593,1,1
540,1524,1,1
541,1587,1,1
542,1598,1,1
543,1590,1,1
544,1584,1,1
545,1392,1,1
546,1597,1,1
547,1601,1,1
548,1571,1,1
549,1413,1,1
550,1476,1,1
551,1612,1,1
552,1605,1,1
553,1582,1,1
554,1621,1,1
555,1580,1,1
556,1607,1,1
557,1619,1,1
558,1414,1,1
559,1647,1,1
560,1638,1,1
561,1606,1,1
562,1749,1,1
563,1626,1,1
564,1642,1,1
565,1574,1,1
566,1583,1,1
567,1592,1,1
568,1624,1,1
569,1637,1,1
570,1416,1,1
571,1564,1,1
572,1650,1,1
573,1578,1,1
574,1641,1,1
575,1594,1,1
576,1570,1,1
577,1674,1,1
578,1655,1,1
579,1659,1,1
580,1566,1,1
581,1586,1,1
582,1410,1,1
583,1664,1,1
584,1678,1,1
585,1599,1,1
586,1676,1,1
587,1670,1,1
588,1680,1,1
589,1658,1,1
590,1691,1,1
591,1646,1,1
592,1687,1,1
593,1686,1,1
594,1722,1,1
595,1709,1,1
596,1447,1,1
597,1724,1,1
598,1682,1,1
599,1742,1,1
600,1692,1,1
601,1744,1,1
602,1714,1,1
603,1735,1,1
604,1683,1,1
605,1733,1,1
606,1731,1,1
607,1727,1,1
608,1728,1,1
609,1677,1,1
610,1740,1,1
611,1750,1,1
612,1745,1,1
613,1700,1,1
614,1757,1,1
615,1777,1,1
616,1663,1,1
617,1775,1,1
618,1782,1,1
619,1786,1,1
620,1792,1,1
621,1759,1,1
622,1785,1,1
623,1717,1,1
624,1654,1,1
625,1805,1,1
626,1801,1,1
627,1762,1,1
628,1788,1,1
629,1804,1,1
630,1808,1,1
631,1810,1,1
632,1657,1,1
633,1814,1,1
634,2004,1,3
635,1739,1,3
636,1828,1,1
637,1822,1,1
638,1780,1,1
639,1838,1,1
640,1835,1,1
641,1812,1,1
642,1821,1,1
643,1833,1,1
644,1784,1,1
645,1842,1,1
646,1813,1,1
647,1845,1,1
648,1849,1,1
649,1836,1,1
650,1837,1,1
651,1861,1,1
652,1848,1,1
653,1864,1,1
654,1862,1,1
655,1747,1,1
656,1858,1,1
657,1865,1,1
658,1832,1,1
659,1863,1,1
660,1856,1,1
661,1811,1,1
662,1870,1,1
663,1872,1,1
664,1883,1,1
665,1869,1,1
666,1816,1,1
667,1859,1,1
668,1885,1,1
669,1879,1,1
670,1876,1,1
671,1893,1,1
672,1877,1,1
673,1897,1,1
674,1894,1,1
675,1896,1,2
676,1902,1,1
677,1888,1,1
678,1905,1,1
679,1892,1,1
680,1918,1,1
681,1917,1,1
682,1926,1,1
683,1920,1,1
684,1914,1,1
685,1873,1,1
686,1932,1,1
687,1898,1,1
688,1910,1,1
689,1844,1,1
690,1928,1,1
691,1938,1,1
692,1793,1,1
693,1924,1,1
694,1847,1,1
695,1855,1,1
696,1878,1,1
697,1710,1,1
698,1901,1,1
699,1956,1,1
700,1966,1,1
701,1963,1,1
702,1946,1,1
703,1989,1,1
704,1988,1,1
705,1994,1,1
706,1934,1,1
707,1929,1,1
708,1998,1,1
709,1930,1,1
710,2005,1,1
711,2001,1,1
712,1979,1,1
713,2008,1,2
714,2011,1,1
715,1922,1,1
716,2012,1,1
717,3324,1,213
718,2024,1,1
719,2020,1,1
720,2021,1,1
721,2023,1,1
722,2030,1,1
723,2029,1,1
724,2032,1,1
725,2027,1,1
726,2015,1,1
727,2033,1,1
728,2013,1,1
729,2043,1,1
730,2036,1,1
731,2017,1,1
732,2007,1,1
733,2060,1,1
734,2061,1,1
735,1944,1,1
736,1953,1,1
737,2076,1,1
738,2073,1,1
739,2058,1,1
740,2081,1,1
741,2082,1,1
742,2105,1,1
743,2320,1,2
744,2071,1,1
745,2080,1,1
746,2018,1,1
747,2088,1,1
748,2031,1,1
749,2091,1,1
750,1656,1,1
751,2066,1,1
752,2113,1,1
753,2117,1,1
754,2107,1,1
755,2047,1,3
756,2112,1,1
757,2108,1,1
758,2057,1,1
759,2128,1,1
760,2119,1,1
761,2130,1,1
762,2110,1,1
763,2139,1,1
764,2049,1,1
765,2138,1,1
766,2140,1,1
767,2123,1,1
768,2098,1,1
769,2109,1,1
770,2132,1,1
771,2136,1,1
772,2153,1,1
773,2101,1,1
774,2131,1,1
775,2160,1,1
776,2158,1,1
777,2161,1,1
778,2125,1,1
779,2143,1,1
780,2093,1,7
781,2111,1,1
782,2163,1,6
783,2170,1,1
784,2169,1,1
785,1846,1,1
786,2182,1,1
787,2152,1,1
788,1975,1,1
789,2157,1,1
790,2142,1,1
791,2195,1,1
792,2199,1,1
793,2176,1,1
794,2206,1,1
795,2192,1,1
796,2205,1,1
797,2115,1,1
798,2202,1,2
799,2212,1,1
800,2194,1,1
801,2215,1,1
802,2173,1,1
803,2221,1,1
804,2189,1,1
805,2190,1,1
806,2226,1,1
807,2225,1,1
808,2214,1,1
809,2227,1,1
810,2230,1,1
811,2228,1,1
812,2146,1,1
813,2224,1,1
814,2236,1,1
815,2059,1,1
816,2246,1,1
817,2220,1,3
818,2234,1,1
819,2188,1,1
820,2200,1,1
821,2204,1,1
822,2219,1,1
823,2245,1,1
824,2259,1,1
825,2261,1,2
826,2254,1,1
827,2287,1,1
828,1951,1,1
829,2285,1,1
830,2262,1,1
831,2232,1,1
832,2250,1,1
833,2295,1,1
834,2290,1,1
835,2209,1,1
836,2241,1,1
837,2300,1,1
838,2304,1,1
839,2239,1,1
840,2217,1,1
841,2284,1,1
842,2308,1,1
843,2296,1,1
844,2307,1,1
845,2302,1,3
846,2321,1,1
847,2317,1,1
848,2324,1,1
849,2331,1,1
850,2329,1,1
851,2085,1,1
852,2309,1,1
853,2343,1,1
854,2345,1,1
855,2351,1,1
856,2339,1,1
857,2124,1,1
858,2243,1,1
859,2359,1,1
860,2355,1,1
861,2347,1,1
862,2222,1,1
863,2312,1,1
864,2334,1,1
865,2349,1,1
866,2357,1,1
867,2340,1,2
868,2362,1,1
869,2360,1,1
870,2256,1,1
871,2395,1,1
872,1596,1,1
873,2382,1,1
874,2380,1,1
875,2392,1,1
876,2323,1,1
877,2405,1,1
878,2386,1,1
879,2404,1,1
880,2383,1,1
881,2372,1,1
882,2387,1,1
883,2414,1,1
884,2757,1,2
885,2364,1,1
886,2409,1,1
887,2363,1,1
888,2416,1,1
889,2366,1,1
890,2388,1,1
891,2393,1,1
892,2424,1,1
893,2427,1,1
894,2406,1,1
895,2436,1,1
896,2439,1,1
897,2441,1,1
898,2429,1,1
899,2426,1,1
900,2365,1,1
901,2453,1,1
902,2450,1,1
903,2369,1,1
904,2449,1,1
905,2367,1,1
906,2411,1,1
907,2394,1,4
908,2435,1,1
909,2451,1,1
910,2481,1,1
911,2431,1,1
912,2470,1,1
913,2434,1,1
914,2475,1,1
915,2442,1,2
916,2344,1,1
917,2494,1,1
918,2402,1,1
919,2491,1,1
920,2507,1,1
921,2509,1,1
922,2503,1,1
923,2526,1,1
924,2510,1,1
925,2529,1,1
926,2448,1,1
927,2524,1,1
928,2390,1,2
929,2531,1,1
930,2506,1,1
931,2518,1,1
932,2548,1,1
933,2525,1,1
934,2547,1,1
935,2532,1,1
936,2517,1,1
937,2556,1,1
938,2476,1,1
939,2539,1,1
940,2546,1,1
941,2528,1,1
942,2564,1,1
943,2497,1,1
944,2537,1,1
945,2558,1,1
946,2578,1,1
947,2574,1,1
948,2543,1,1
949,2563,1,1
950,2541,1,1
951,2577,1,1
952,2505,1,1
953,2600,1,1
954,2607,1,1
955,2605,1,1
956,2579,1,1
957,2562,1,1
958,2595,1,1
959,2608,1,1
960,2601,1,1
961,2516,1,1
962,2511,1,1
963,2544,1,1
964,2625,1,1
965,2235,1,1
966,2643,1,1
967,2417,1,1
968,2611,1,1
969,2666,1,1
970,2651,1,1
971,2648,1,1
972,2641,1,1
973,2635,1,1
974,2632,1,1
975,2649,1,1
976,2667,1,1
977,2636,1,1
978,2561,1,1
979,2580,1,1
980,2647,1,1
981,2682,1,1
982,2584,1,1
983,2569,1,2
984,2630,1,1
985,2674,1,1
986,2684,1,1
987,2691,1,1
988,2705,1,1
989,2690,1,1
990,2706,1,1
991,2701,1,1
992,2703,1,1
993,2646,1,1
994,2602,1,1
995,2665,1,4
996,2673,1,1
997,2661,1,1
998,2688,1,1
999,2707,1,1
1000,2675,1,1
1001,2715,1,1
1002,2428,1,1
1003,2638,1,1
1004,2712,1,1
1005,2722,1,1
1006,2504,1,1
1007,2741,1,1
1008,2710,1,1
1009,2729,1,1
1010,2727,1,1
1011,2742,1,1
1012,2698,1,1
1013,2747,1,1
1014,2724,1,1
1015,2740,1,1
1016,2730,1,1
1017,2709,1,1
1018,2716,1,1
1019,2745,1,1
1020,2718,1,1
1021,2568,1,1
1022,2692,1,1
1023,2731,1,1
1024,2758,1,1
1025,2755,1,1
1026,2738,1,1
1027,2700,1,1
1028,2759,1,1
1029,2754,1,1
1030,2764,1,1
1031,2748,1,1
1032,2782,1,1
1033,2790,1,1
1034,2780,1,1
1035,2743,1,1
1036,2672,1,1
1037,2809,1,1
1038,2807,1,1
1039,2749,1,1
1040,2687,1,1
1041,2765,1,1
1042,2770,1,1
1043,2777,1,1
1044,2812,1,1
1045,2800,1,1
1046,2771,1,2
1047,2803,1,1
1048,2781,1,1
1049,2761,1,1
1050,2839,1,1
1051,2840,1,1
1052,2766,1,1
1053,2815,1,1
1054,2819,1,1
1055,2844,1,1
1056,2842,1,1
1057,2808,1,1
1058,2849,1,1
1059,2852,1,1
1060,2860,1,1
1061,2753,1,1
1062,2822,1,1
1063,2799,1,1
1064,2825,1,1
1065,2863,1,1
1066,2869,1,1
1067,2851,1,1
1068,2846,1,1
1069,2878,1,1
1070,2859,1,1
1071,2874,1,1
1072,2880,1,1
1073,2733,1,1
1074,2876,1,1
1075,2845,1,1
1076,2865,1,1
1077,2796,1,1
1078,2885,1,1
1079,2883,1,1
1080,2889,1,1
1081,2894,1,1
1082,2886,1,1
1083,2792,1,1
1084,2907,1,1
1085,2890,1,1
1086,2908,1,1
1087,2887,1,1
1088,2891,1,1
1089,2915,1,1
1090,2855,1,1
1091,2875,1,1
1092,2904,1,1
1093,2804,1,1
1094,2892,1,1
1095,2783,1,1
1096,2847,1,1
1097,2918,1,1
1098,2923,1,1
1099,2930,1,2
1100,2903,1,1
1101,2843,1,1
1102,2911,1,1
1103,2862,1,1
1104,2898,1,1
1105,2936,1,1
1106,2914,1,1
1107,2925,1,1
1108,2916,1,1
1109,2944,1,1
1110,2942,1,1
1111,2931,1,1
1112,2919,1,1
1113,2947,1,1
1114,2888,1,1
1115,2921,1,1
1116,2953,1,1
1117,2949,1,1
1118,2950,1,1
1119,2929,1,1
1120,2956,1,2
1121,2937,1,1
1122,2900,1,1
1123,2960,1,1
1124,2970,1,1
1125,2961,1,1
1126,2971,1,1
1127,2979,1,1
1128,2935,1,2
1129,2987,1,1
1130,2991,1,1
1131,2992,1,1
1132,2964,1,1
1133,2867,1,1
1134,2858,1,1
1135,2962,1,1
1136,2951,1,1
1137,2990,1,1
1138,2985,1,1
1139,2993,1,1
1140,2973,1,1
1141,2968,1,2
1142,2966,1,1
1143,2948,1,1
1144,2959,1,1
1145,3010,1,1
1146,2999,1,1
1147,2048,1,1
1148,2797,1,1
1149,2984,1,2
1150,2976,1,1
1151,2995,1,1
1152,3021,1,1
1153,2695,1,1
1154,3006,1,1
1155,3035,1,1
1156,3029,1,1
1157,3030,1,1
1158,3036,1,1
1159,2697,1,1
1160,3056,1,1
1161,3023,1,1
1162,3055,1,1
1163,3044,1,1
1164,3052,1,1
1165,3042,1,1
1166,3059,1,1
1167,3022,1,1
1168,3032,1,1
1169,3028,1,1
1170,3062,1,1
1171,3064,1,1
1172,3067,1,1
1173,3058,1,1
1174,3039,1,1
1175,3073,1,1
1176,3071,1,1
1177,2899,1,1
1178,3046,1,1
1179,3078,1,1
1180,2969,1,1
1181,3080,1,1
1182,3066,1,1
1183,3085,1,1
1184,3084,1,1
1185,3034,1,1
1186,3026,1,1
1187,3088,1,1
1188,3086,1,1
1189,3091,1,1
1190,3099,1,1
1191,3120,1,1
1192,3123,1,1
1193,3122,1,1
1194,3135,1,1
1195,3104,1,1
1196,3142,1,1
1197,3133,1,1
1198,3136,1,1
1199,3101,1,1
1200,3140,1,1
1201,3118,1,1
1202,3157,1,1
1203,3176,1,1
1204,3156,1,1
1205,3189,1,1
1206,3182,1,1
1207,3172,1,1
1208,3165,1,1
1209,3167,1,1
1210,3194,1,1
1211,3333,1,1
1212,3183,1,1
1213,3179,1,1
1214,3180,1,1
1215,3191,1,1
1216,3177,1,1
1217,3184,1,1
1218,3215,1,1
1219,3208,1,1
1220,3170,1,1
1221,3217,1,1
1222,3212,1,1
1223,3210,1,1
1224,3223,1,1
1225,3102,1,1
1226,3199,1,1
1227,3222,1,1
1228,3159,1,1
1229,3187,1,1
1230,3230,1,1
1231,3227,1,1
1232,3237,1,1
1233,3257,1,1
1234,3259,1,1
1235,3249,1,1
1236,3211,1,1
1237,3267,1,2
1238,3216,1,1
1239,3262,1,1
1240,3247,1,1
1241,3268,1,1
1242,3265,1,1
1243,3278,1,1
1244,3124,1,1
1245,3213,1,1
1246,3285,1,1
1247,3241,1,1
1248,3287,1,1
1249,3289,1,1
1250,3288,1,1
1251,3291,1,1
1252,3113,1,1
1253,3297,1,1
1254,3295,1,1
1255,3282,1,1
1256,3305,1,1
1257,3296,1,1
1258,3302,1,1
1259,3173,1,1
1260,3281,1,1
1261,3232,1,1
1262,3318,1,1
1263,3882,1,20
1264,3329,1,1
1265,3331,1,1
1266,3252,1,1
1267,3244,1,1
1268,3316,1,1
1269,3339,1,1
1270,3185,1,1
1271,3310,1,1
1272,3246,1,1
1273,3355,1,1
1274,3351,1,1
1275,3307,1,1
1276,3319,1,2
1277,3311,1,1
1278,3312,1,1
1279,3322,1,1
1280,3364,1,1
1281,3345,1,1
1282,3309,1,1
1283,3317,1,1
1284,3371,1,1
1285,3367,1,1
1286,3368,1,1
1287,3353,1,1
1288,3362,1,1
1289,3352,1,1
1290,3379,1,1
1291,3359,1,1
1292,3349,1,1
1293,3338,1,1
1294,3373,1,1
1295,3391,1,1
1296,3253,1,1
1297,3383,1,1
1298,3400,1,1
1299,3377,1,1
1300,3406,1,1
1301,3416,1,1
1302,3420,1,1
1303,3408,1,1
1304,3423,1,1
1305,3435,1,1
1306,3370,1,1
1307,3419,1,1
1308,3399,1,1
1309,3441,1,1
1310,3411,1,1
1311,3398,1,1
1312,3412,1,1
1313,3426,1,1
1314,3418,1,1
1315,3424,1,1
1316,3430,1,1
1317,3428,1,1
1318,3431,1,1
1319,3427,1,1
1320,3384,1,1
1321,3401,1,1
1322,3394,1,1
1323,3410,1,1
1324,3397,1,1
1325,3432,1,1
1326,3409,1,1
1327,2901,1,1
1328,3445,1,1
1329,3250,1,1
1330,3413,1,1
1331,3389,1,1
1332,3374,1,1
1333,3385,1,1
1334,3433,1,1
1335,3404,1,1
1336,3440,1,1
1337,3386,1,1
1338,3425,1,1
1339,3421,1,1
1340,3414,1,1
1341,3405,1,1
1342,3422,1,1
1343,3417,1,1
1344,3447,1,1
1345,3387,1,1
1346,3444,1,1
1347,3448,1,1
1348,3442,1,1
1349,3438,1,1
1350,3429,1,1
1351,3403,1,1
1352,3451,1,1
1353,3396,1,1
1354,3376,1,1
1355,3392,1,1
1356,3395,1,1
1357,3446,1,1
1358,3388,1,1
1359,3452,1,1
1360,3453,1,1
1361,3449,1,1
1362,3454,1,1
1363,3455,1,1
1364,3456,1,1
1365,3461,1,1
1366,3466,1,1
1367,3484,1,1
1368,3504,1,1
1369,3521,1,1
1370,3500,1,1
1371,3525,1,1
1372,3524,1,1
1373,3523,1,1
1374,3522,1,1
1375,3520,1,1
1376,3497,1,1
1377,3516,1,1
1378,3554,1,1
1379,3528,1,1
1380,3549,1,1
1381,3534,1,1
1382,3551,1,1
1383,3555,1,1
1384,3535,1,1
1385,3538,1,2
1386,3557,1,1
1387,3539,1,1
1388,3533,1,1
1389,3550,1,1
1390,3558,1,1
1391,3546,1,1
1392,3563,1,1
1393,3536,1,1
1394,3530,1,1
1395,3565,1,1
1396,3559,1,1
1397,3564,1,1
1398,3537,1,1
1399,3566,1,1
1400,3543,1,1
1401,3572,1,1
1402,3545,1,1
1403,3548,1,1
1404,3560,1,1
1405,3567,1,1
1406,3569,1,1
1407,3568,1,1
1408,3541,1,1
1409,3571,1,1
1410,3575,1,1
1411,3576,1,1
1412,3458,1,1
1413,3570,1,1
1414,3577,1,1
1415,3578,1,1
1416,3579,1,1
1417,3580,1,2
1418,3593,1,1
1419,3599,1,1
1420,3597,1,1
1421,3591,1,1
1422,3553,1,1
1423,3605,1,1
1424,3601,1,1
1425,3606,1,1
1426,3609,1,1
1427,3610,1,1
1428,3614,1,1
1429,3616,1,1
1430,3612,1,1
1431,3618,1,1
1432,3613,1,1
1433,3617,1,1
1434,3619,1,1
1435,3588,1,1
1436,3620,1,1
1437,3532,1,1
1438,3595,1,1
1439,3624,1,1
1440,3628,1,1
1441,3633,1,1
1442,3635,1,1
1443,3634,1,1
1444,3625,1,1
1445,3639,1,1
1446,3640,1,1
1447,3642,1,1
1448,3643,1,1
1449,3644,1,1
1450,3645,1,1
1451,3641,1,1
1452,3651,1,1
1453,3655,1,1
1454,3656,1,1
1455,3658,1,1
1456,3623,1,1
1457,2693,1,1
1458,3667,1,1
1459,3668,1,1
1460,3725,1,1
1461,3721,1,1
1462,3676,1,1
1463,3695,1,1
1464,3730,1,1
1465,3724,1,1
1466,3719,1,1
1467,3700,1,1
1468,3738,1,1
1469,3742,1,1
1470,3696,1,1
1471,3745,1,1
1472,3758,1,1
1473,3763,1,1
1474,3594,1,1
1475,3768,1,1
1476,3753,1,1
1477,3774,1,1
1478,3772,1,1
1479,3586,1,1
1480,3263,1,1
1481,3741,1,1
1482,3682,1,1
1483,3693,1,1
1484,3805,1,1
1485,1900,1,1
1486,3809,1,1
1487,3794,1,1
1488,3793,1,1
1489,3819,1,1
1490,3802,1,1
1491,3801,1,1
1492,3824,1,1
1493,3825,1,1
1494,3821,1,1
1495,3823,1,1
1496,3831,1,1
1497,3835,1,1
1498,3842,1,1
1499,3854,1,1
1500,3850,1,1
1501,3788,1,1
1502,3815,1,1
1503,3827,1,1
1504,3853,1,1
1505,3860,1,1
1506,3789,1,1
1507,3875,1,1
1508,3851,1,1
1509,3894,1,1
1510,3896,1,1
1511,3812,1,1
1512,3908,1,1
1513,3837,1,1
1514,3899,1,1
1515,3923,1,1
1516,3922,1,1
1517,3910,1,1
1518,3852,1,1
1519,3796,1,1
1520,3859,1,1
1521,3881,1,1
1522,3925,1,1
1523,3936,1,1
1524,3834,1,1
1525,3916,1,1
1526,3944,1,1
1527,3930,1,1
1528,3945,1,1
1529,3892,1,1
1530,3912,1,1
1531,3941,1,1
1532,3949,1,1
1533,3956,1,1
1534,3954,1,1
1535,3950,1,1
1536,3947,1,1
1537,3943,1,1
1538,3942,1,1
1539,3946,1,1
1540,3948,1,1
1541,3951,1,1
1542,3958,1,1
1543,3961,1,1
1544,3968,1,1
1545,3929,1,1
1546,3957,1,1
1547,3983,1,1
1548,3731,1,1
1549,3857,1,1
1550,4021,1,1
1551,4012,1,1
1552,4009,1,1
1553,4035,1,1
1554,4056,1,1
1555,4039,1,1
1556,4050,1,1
1557,4059,1,1
1558,4007,1,2
1559,3986,1,1
1560,3963,1,1
1561,3940,1,1
1562,4057,1,1
1563,4068,1,1
1564,4067,1,1
1565,4061,1,1
1566,4069,1,1
1567,4071,1,1
1568,4073,1,1
1569,4070,1,1
1570,4079,1,1
1571,4088,1,1
1572,4091,1,1
1573,4096,1,1
1574,4108,1,1
1575,4098,1,1
1576,4117,1,1
1577,4123,1,1
1578,4110,1,1
1579,4107,1,1
1580,4140,1,1
1581,4144,1,1
1582,4146,1,1
1583,4151,1,1
1584,4162,1,1
1585,4138,1,1
1586,4158,1,1
1587,4161,1,1
1588,4155,1,1
1589,4115,1,1
1590,4104,1,1
1591,4188,1,1
1592,4194,1,1
1593,4187,1,1
1594,4215,1,1
1595,4214,1,1
1596,4205,1,1
1597,4211,1,1
1598,4247,1,1
1599,4255,1,1
1600,4261,1,1
1601,4232,1,1
1602,4223,1,1
1603,4267,1,1
1604,4265,1,1
1605,4270,1,1
1606,4262,1,1
1607,4260,1,1
1608,4237,1,1
1609,4273,1,1
1610,4197,1,1
1611,4127,1,1
1612,4277,1,1
1613,4170,1,1
1614,4278,1,1
1615,4228,1,1
1616,4001,1,1
1617,4242,1,1
1618,4279,1,1
1619,3840,1,1
1620,4291,1,1
1621,4272,1,1
1622,4293,1,1
1623,4289,1,1
1624,4297,1,1
1625,4298,1,2
1626,4310,1,1
1627,4315,1,2
1628,4081,1,1
1629,4308,1,1
1630,4324,1,1
1631,4342,1,1
1632,4338,1,1
1633,4337,1,1
1634,4344,1,1
1635,4246,1,1
1636,4345,1,1
1637,4351,1,1
1638,4356,1,1
1639,4358,1,1
1640,4362,1,1
1641,4349,1,1
1642,4357,1,1
1643,4340,1,1
1644,4375,1,1
1645,4377,1,1
1646,4365,1,1
1647,4372,1,1
1648,4368,1,1
1649,4390,1,1
1650,4388,1,1
1651,4314,1,1
1652,4350,1,1
1653,4321,1,1
1654,4406,1,1
1655,4401,1,1
1656,4395,1,1
1657,4404,1,1
1658,4370,1,1
1659,4403,1,1
1660,4408,1,1
1661,4410,1,1
1662,4412,1,1
1663,4346,1,1
1664,4391,1,1
1665,4419,1,2
1666,4415,1,1
1667,4424,1,1
1668,4430,1,1
1669,4435,1,1
1670,4438,1,1
1671,4414,1,1
1672,4416,1,1
1673,4439,1,1
1674,4380,1,1
1675,4453,1,1
1676,4457,1,1
1677,4300,1,1
1678,4444,1,1
1679,4446,1,1
1680,4306,1,1
1681,4451,1,1
1682,4465,1,1
1683,4474,1,1
1684,4472,1,1
1685,4454,1,1
1686,4458,1,1
1687,4455,1,1
1688,4492,1,1
1689,4490,1,1
1690,4475,1,1
1691,4479,1,1
1692,4448,1,1
1693,4462,1,1
1694,4481,1,1
1695,4486,1,1
1696,4485,1,1
1697,4463,1,1
1698,4447,1,1
1699,4413,1,1
1700,4507,1,1
1701,4443,1,1
1702,4540,1,1
1703,4535,1,1
1704,4530,1,1
1705,4531,1,1
1706,4532,1,1
1707,4534,1,1
1708,4529,1,1
1709,4546,1,1
1710,4545,1,1
1711,4533,1,1
1712,4543,1,1
1713,4547,1,1
1714,4537,1,1
1715,4551,1,1
1716,4549,1,1
1717,4538,1,1
1718,4539,1,1
1719,4561,1,1
1720,4550,1,1
1721,4563,1,1
1722,4570,1,1
1723,4557,1,1
1724,4515,1,1
1725,4522,1,1
1726,4521,1,1
1727,4576,1,1
1728,4592,1,1
1729,4573,1,1
1730,4593,1,1
1731,4190,1,1
1732,4548,1,1
1733,4523,1,1
1734,4604,1,1
1735,4609,1,1
1736,4612,1,1
1737,4617,1,1
1738,4598,1,2
1739,4620,1,1
1740,4613,1,1
1741,4621,1,1
1742,4624,1,1
1743,4616,1,1
1744,4631,1,1
1745,4629,1,1
1746,4628,1,1
1747,4626,1,1
1748,4627,1,1
1749,4614,1,1
1750,4608,1,1
1751,4562,1,1
1752,4587,1,1
1753,4633,1,1
1754,4597,1,1
1755,4594,1,1
1756,4636,1,1
1757,4622,1,1
1758,4642,1,1
1759,4647,1,1
1760,4623,1,1
1761,4639,1,1
1762,4667,1,1
1763,4666,1,1
1764,4650,1,1
1765,4635,1,1
1766,4661,1,1
1767,4684,1,1
1768,4577,1,1
1769,4657,1,1
1770,4674,1,1
1771,4662,1,1
1772,4590,1,1
1773,4690,1,1
1774,4688,1,1
1775,4673,1,1
1776,4694,1,1
1777,4699,1,1
1778,4705,1,1
1779,4687,1,1
1780,4704,1,1
1781,4698,1,1
1782,4697,1,2
1783,4402,1,1
1784,4716,1,1
1785,4665,1,1
1786,4726,1,1
1787,4723,1,1
1788,4734,1,1
1789,4721,1,1
1790,4737,1,1
1791,4731,1,1
1792,4696,1,1
1793,4702,1,1
1794,4691,1,1
1795,4724,1,1
1796,4744,1,1
1797,4740,1,1
1798,4736,1,1
1799,4645,1,1
1800,4746,1,1
1801,4751,1,1
1802,4753,1,1
1803,4758,1,1
1804,4743,1,1
1805,4710,1,1
1806,4763,1,1
1807,4759,1,1
1808,4762,1,1
1809,4754,1,1
1810,4764,1,1
1811,4761,1,1
1812,4727,1,1
1813,4498,1,1
1814,4774,1,1
1815,4779,1,1
1816,4685,1,1
1817,4569,1,1
1818,4060,1,1
1819,4644,1,1
1820,4786,1,1
1821,4706,1,1
1822,4745,1,1
1823,4755,1,1
1824,4776,1,1
1825,4783,1,1
1826,4782,1,1
1827,4790,1,1
1828,4797,1,1
1829,4802,1,1
1830,4791,1,1
1831,4793,1,1
1832,4805,1,1
1833,4806,1,1
1834,4655,1,1
1835,4810,1,1
1836,4813,1,1
1837,4811,1,1
1838,4814,1,1
1839,4815,1,1
1840,4822,1,1
1841,4816,1,1
1842,4808,1,1
1843,4695,1,1
1844,4818,1,1
1845,4775,1,1
1846,4827,1,1
1847,4781,1,1
1848,4824,1,1
1849,4798,1,1
1850,4799,1,1
1851,4830,1,1
1852,4800,1,1
1853,4801,1,1
1854,4792,1,1
1855,4765,1,1
1856,4831,1,1
1857,4833,1,1
1858,4829,1,1
1859,4835,1,1
1860,4803,1,1
1861,4845,1,1
1862,4844,1,1
1863,4854,1,1
1864,4849,1,1
1865,4853,1,1
1866,4859,1,1
1867,4857,1,1
1868,4862,1,1
1869,4860,1,1
1870,4858,1,1
1871,4866,1,1
1872,4861,1,1
1873,4867,1,1
1874,4873,1,1
1875,4869,1,1
1876,4877,1,1
1877,4863,1,1
1878,4878,1,1
1879,4882,1,1
1880,4841,1,1
1881,4875,1,1
1882,4887,1,1
1883,4885,1,1
1884,4891,1,1
1885,4812,1,1
1886,4890,1,1
1887,4889,1,1
1888,4897,1,1
1889,4900,1,1
1890,4896,1,1
1891,4904,1,1
1892,4588,1,1
1893,4794,1,1
1894,4836,1,1
1895,4823,1,1
1896,4907,1,1
1897,4913,1,1
1898,4918,1,1
1899,4922,1,1
1900,4899,1,1
1901,4927,1,1
1902,4929,1,1
1903,4919,1,1
1904,4934,1,1
1905,4928,1,1
1906,4787,1,1
1907,4935,1,1
1908,4936,1,1
1909,4940,1,1
1910,4931,1,1
1911,4941,1,1
1912,4942,1,1
1913,4950,1,1
1914,4951,1,1
1915,4938,1,1
1916,4955,1,1
1917,4888,1,1
1918,4962,1,1
1919,4957,1,1
1920,4939,1,1
1921,4963,1,1
1922,4967,1,1
1923,4969,1,1
1924,4943,1,2
1925,4968,1,1
1926,4966,1,1
1927,4974,1,1
1928,4973,1,1
1929,4976,1,1
1930,4972,1,1
1931,4984,1,1
1932,4985,1,1
1933,4988,1,1
1934,4989,1,1
1935,4992,1,1
1936,4994,1,1
1937,4995,1,1
1938,4838,1,1
1939,4536,1,1
1940,4997,1,1
1941,5002,1,1
1942,5008,1,1
1943,4714,1,1
1944,5003,1,1
1945,4999,1,1
1946,4676,1,1
1947,5000,1,1
1948,5024,1,1
1949,5023,1,1
1950,4993,1,1
1951,5026,1,1
1952,5027,1,1
1953,5029,1,1
1954,5017,1,1
1955,5040,1,1
1956,5041,1,1
1957,5018,1,1
1958,5045,1,1
1959,5043,1,1
1960,5046,1,1
1961,5048,1,2
1962,5047,1,1
1963,5038,1,1
1964,5031,1,1
1965,5056,1,1
1966,5057,1,1
1967,5059,1,1
1968,5060,1,1
1969,5063,1,1
1970,5036,1,1
1971,5066,1,1
1972,5068,1,1
1973,5081,1,1
1974,5080,1,1
1975,5082,1,1
1976,5013,1,1
1977,5094,1,1
1978,5071,1,1
1979,5079,1,1
1980,5097,1,1
1981,5100,1,1
1982,4652,1,1
1983,5090,1,1
1984,5098,1,1
1985,5110,1,1
1986,5108,1,1
1987,5102,1,1
1988,4925,1,1
1989,5091,1,1
1990,5118,1,1
1991,5117,1,1
1992,5085,1,1
1993,5120,1,1
1994,5121,1,1
1995,5122,1,1
1996,5127,1,1
1997,5131,1,1
1998,5137,1,1
1999,5134,1,1
2000,4828,1,1
2001,5136,1,1
2002,5130,1,1
2003,5141,1,1
2004,5140,1,1
2005,5143,1,1
2006,5125,1,1
2007,5133,1,1
2008,5104,1,1
2009,5138,1,1
2010,5135,1,1
2011,5147,1,1
2012,5148,1,1
2013,5145,1,1
2014,5154,1,1
2015,5152,1,1
2016,5153,1,1
2017,5160,1,1
2018,5151,1,1
2019,5167,1,1
2020,5146,1,1
2021,5172,1,1
2022,5149,1,1
2023,5114,1,1
2024,5106,1,1
2025,5175,1,1
2026,5166,1,1
2027,5169,1,1
2028,5180,1,1
2029,5186,1,1
2030,5185,1,1
2031,5189,1,1
2032,5176,1,1
2033,5197,1,1
2034,5192,1,1
2035,4514,1,1
2036,5195,1,1
2037,5198,1,1
2038,5205,1,1
2039,5223,1,1
2040,5212,1,1
2041,5209,1,1
2042,5226,1,1
2043,5229,1,1
2044,5239,1,1
2045,5228,1,1
2046,5234,1,1
2047,5232,1,1
2048,5150,1,1
2049,5245,1,1
2050,5218,1,1
2051,5231,1,1
2052,5248,1,1
2053,5259,1,1
2054,5202,1,1
2055,5177,1,1
2056,5265,1,1
2057,5227,1,2
2058,5246,1,1
2059,5236,1,1
2060,5268,1,1
2061,5269,1,1
2062,5272,1,1
2063,5260,1,1
2064,5261,1,1
2065,5257,1,1
2066,5255,1,1
2067,5280,1,1
2068,5287,1,1
2069,5258,1,1
2070,5290,1,1
2071,5288,1,1
2072,5123,1,1
2073,5292,1,1
2074,5291,1,1
2075,5263,1,1
2076,5296,1,1
2077,5301,1,1
2078,5279,1,1
2079,5289,1,1
2080,5297,1,1
2081,5302,1,1
2082,5173,1,1
2083,5310,1,1
2084,5319,1,1
2085,5327,1,1
2086,5328,1,1
2087,5313,1,1
2088,5329,1,1
2089,5338,1,1
2090,5344,1,1
2091,5331,1,1
2092,5348,1,1
2093,5349,1,1
2094,5351,1,1
2095,4393,1,1
2096,5345,1,1
2097,5354,1,1
2098,5216,1,1
2099,5378,1,1
2100,5380,1,1
2101,5374,1,1
2102,5386,1,1
2103,5373,1,1
2104,5400,1,1
2105,5406,1,1
2106,5415,1,1
2107,5417,1,1
2108,5404,1,1
2109,5435,1,1
2110,5436,1,1
2111,5439,1,1
2112,5457,1,1
2113,5444,1,1
2114,5467,1,1
2115,5163,1,1
2116,5455,1,1
2117,5460,1,1
2118,5445,1,1
2119,5468,1,1
2120,5471,1,1
2121,5510,1,1
