issue_no,found_id,is_issue,is_pull_request
47983,47977,True,False
47966,47047,False,True
47928,42559,True,False
47821,32844,True,False
47821,47352,True,False
47739,47695,False,True
47738,47695,False,True
47735,46985,True,False
47690,47650,False,True
47596,47534,False,True
47442,47438,True,False
47306,47297,False,True
47247,47238,True,False
47185,46950,True,False
47102,46536,True,False
46950,46946,False,True
46906,46532,True,False
46858,40259,True,False
46818,43479,False,True
46798,9,True,False
46776,46493,False,True
46752,43795,True,False
46720,46538,False,True
46718,46441,False,True
46673,46310,False,True
46619,46310,False,True
46618,24092,True,False
46592,46504,False,True
46577,46575,True,False
46536,46877,True,False
46536,46990,True,False
46536,46899,True,False
46536,5087,True,True
46449,46310,False,True
46431,46082,False,True
46252,46114,False,True
46029,45823,False,True
46003,5512,True,False
45926,9,True,False
45832,39606,True,False
45787,5491,True,False
45652,4477,True,False
45536,45535,True,False
45535,45534,True,False
45429,39606,True,False
45331,45330,False,True
45301,45128,False,True
45287,27181,True,False
45221,41923,False,True
45201,45150,False,True
45200,45150,False,True
45114,45024,False,True
45109,45106,True,False
45027,1,True,False
45010,44806,False,True
44982,43844,False,True
44962,43348,True,False
44908,44582,False,True
44822,5390,True,False
44801,44783,False,True
44764,44765,True,False
44752,44654,False,True
44745,44654,False,True
44744,44654,False,True
44703,44373,False,True
44540,44398,True,False
44459,43439,True,False
44187,23326,True,False
44148,44101,False,True
44129,44029,False,True
44127,44029,False,True
44100,0,False,False
44096,0,False,False
44063,8,True,False
44063,7,True,False
44063,2,False,False
43795,3301,True,True
43795,3417,True,False
43751,43715,False,True
43749,43715,False,True
43681,42303,False,True
43653,42303,False,True
43632,4,True,True
43587,43554,False,True
43584,43554,False,True
43581,43554,False,True
43561,43554,False,True
43536,42303,False,True
43501,0,False,False
43399,42303,False,True
43398,42303,False,True
43346,40753,False,True
43287,42303,False,True
43251,43000,False,True
43250,43000,False,True
43228,43000,False,True
43222,43000,False,True
43172,42303,False,True
43138,42303,False,True
43052,41110,True,False
43013,42789,False,True
42994,15,True,False
42994,16,True,False
42981,42303,False,True
42859,42303,False,True
42838,42837,True,False
42755,42464,True,False
42743,42303,False,True
42722,42303,False,True
42702,42303,False,True
42670,42303,False,True
42591,30327,True,False
42557,42303,False,True
42398,42303,False,True
41989,8,True,False
41784,20377,True,False
41428,8,True,False
41351,41007,False,True
41350,41288,False,True
41307,40897,False,True
41306,40897,False,True
41192,3104,True,True
41110,40897,False,True
41094,40897,False,True
41008,40755,False,True
41002,40897,False,True
40894,40643,False,True
40890,34254,False,True
40889,40643,False,True
40865,40129,True,False
40795,8,True,False
40727,42501,False,True
40675,40240,True,False
40602,1173,True,True
40296,40165,False,True
40041,39092,True,False
40022,38382,True,False
39872,39841,True,False
39706,38129,True,False
39557,36913,True,False
39519,22011,True,False
39466,39463,False,True
39466,38675,False,True
39430,8,True,False
39430,7,True,False
39298,39264,True,False
39288,39184,False,True
39155,25861,True,False
39154,39140,True,False
39106,38850,True,False
38801,1888,True,False
38801,24135,True,False
38801,40959,False,True
38801,41129,False,True
38801,41299,False,True
38801,41183,False,True
38779,36028,False,True
38734,37629,False,True
38641,522,True,False
38606,38545,True,False
38509,38493,False,True
38482,38476,False,True
38445,27060,True,False
38445,37730,False,True
38426,38330,True,False
38243,8,True,False
38236,37916,False,True
38233,37916,False,True
38193,37987,True,False
38193,37507,False,True
38170,37916,False,True
38149,37969,False,True
38132,37916,False,True
38121,8,True,False
38097,35525,True,False
38091,37995,True,False
38062,37916,False,True
38061,30326,True,False
38060,37916,False,True
38030,37916,False,True
37993,37313,True,False
37984,37896,False,True
37909,37896,False,True
37903,37896,False,True
37832,37730,False,True
37773,37320,False,True
37773,32536,False,True
37765,37730,False,True
37566,2698,False,True
37506,35667,False,True
37505,35667,False,True
37505,35667,False,True
37504,35667,False,True
37503,35667,False,True
37502,35667,False,True
37502,37501,True,False
37501,35667,False,True
37500,35667,False,True
37446,8,True,False
37409,37247,False,True
37382,37247,False,True
37361,37323,False,True
37310,36046,True,False
37268,37224,True,False
37178,36101,True,False
37071,36810,False,True
37056,31758,True,False
37055,31758,True,False
36814,36702,True,False
36617,36366,False,True
36587,32911,True,False
36503,36345,False,True
36403,25057,True,False
36403,26867,True,False
36327,31231,False,True
36273,35611,True,False
36241,35611,True,False
36165,36113,False,True
35985,35611,True,False
35984,35611,True,False
35981,8,True,False
35952,1,True,False
35854,8,True,False
35701,35603,False,True
35606,35146,True,False
35606,35597,False,True
35553,2400,True,False
35517,19613,True,False
35487,33275,True,False
35334,35305,False,True
35275,35245,False,True
35274,35245,False,True
35139,34617,False,True
35138,34454,False,True
35138,34454,False,True
35138,35137,True,False
35137,35138,True,False
35136,35135,True,False
35081,35495,True,False
35057,34915,False,True
34907,33558,True,False
34907,33558,True,False
34905,34678,True,False
34882,34695,False,True
34882,34678,True,False
34882,34695,False,True
34875,34764,False,True
34868,34764,False,True
34736,34223,False,True
34487,32911,True,False
34487,22055,True,False
34400,33983,False,True
34399,33983,False,True
34331,34332,False,True
34324,8,True,False
34282,34259,False,True
34264,34265,False,True
33977,33534,True,False
33977,40599,True,False
33977,25094,True,False
33975,1,True,False
33862,33828,False,True
33861,33827,False,True
33856,33834,False,True
33768,28928,True,False
33687,31497,False,True
33686,31497,False,True
33673,32549,False,True
33652,33646,False,True
33602,8925,True,False
33601,8925,True,False
33549,23133,True,False
33543,33196,False,True
33393,29635,True,False
33391,25529,True,False
33237,33206,False,True
33194,33029,False,True
33161,33151,False,True
33124,33070,False,True
33092,31832,True,False
33088,24621,False,True
33047,30174,True,False
32958,7,True,False
32957,32856,True,False
32916,32885,False,True
32911,1710,True,False
32911,34650,True,False
32911,34213,True,False
32830,32809,False,True
32807,32431,False,True
32807,32431,False,True
32791,7120,True,False
32722,32177,False,True
32538,30640,False,True
32538,32535,True,False
32535,30640,False,True
32533,32525,False,True
32529,32517,False,True
32529,32517,False,True
32404,32390,False,True
32354,8,True,False
32288,29641,True,False
32160,31231,False,True
32126,30743,False,True
32059,4032,True,False
32042,26761,True,False
32012,31967,False,True
32012,32018,False,True
31909,30815,False,True
31905,30815,False,True
31903,30815,False,True
31854,8,True,False
31790,22344,True,False
31784,31780,True,False
31762,31737,True,False
31609,24037,True,False
31459,28793,False,True
31419,31142,False,True
31418,31142,False,True
31417,31142,False,True
31416,31142,False,True
31374,32103,True,False
31313,30815,False,True
31286,31183,False,True
31045,30743,False,True
30540,29727,False,True
30288,22776,True,False
30263,30240,True,False
30263,30262,True,False
30239,30089,True,False
30114,29347,True,False
30089,30074,False,True
30030,8,True,False
30024,29985,False,True
29877,21338,False,True
29859,29708,True,False
29829,29456,False,True
29812,29764,False,True
29637,27212,True,False
29635,29635,True,False
29343,7,True,False
29278,28781,False,True
29277,28781,False,True
29277,332,True,True
29276,28781,False,True
29276,344,True,False
29275,28781,False,True
29274,28781,False,True
29273,28781,False,True
29272,28781,False,True
29272,331,True,True
29271,28781,False,True
29182,28945,True,False
29122,4,True,True
29038,29020,False,True
29030,29029,False,True
28940,1,True,False
28892,28587,False,True
28892,28587,False,True
28573,28465,True,False
28535,28534,True,False
28419,27523,True,False
28343,28294,False,True
28325,4858,True,False
28325,5183,True,True
28225,28043,False,True
28091,23381,True,False
27997,7,True,False
27950,23465,False,True
27945,27424,False,True
27945,27944,False,True
27874,27357,True,False
27852,27803,False,True
27801,22478,True,False
27772,27218,True,False
27715,27280,False,True
27713,27220,False,True
27713,27712,True,False
27628,7,True,False
27489,25047,False,True
27310,27240,True,False
27185,25565,False,True
27138,22673,False,True
27042,26578,False,True
27042,26578,False,True
26989,25301,True,False
26779,26778,True,False
26779,26398,False,True
26768,23664,True,False
26758,26590,False,True
26743,26688,True,False
26717,26718,False,True
26678,25426,False,True
26669,3519,True,True
26588,26566,True,False
26588,26566,True,False
26533,6,True,True
26454,25233,False,True
26444,915,True,False
26443,915,True,False
26442,915,True,False
26402,23956,True,False
26348,26338,True,False
26232,2840,True,False
26170,21379,False,True
25944,25903,False,True
25926,25722,True,False
25882,43,True,False
25746,2648,True,False
25744,4835,True,False
25744,4836,False,True
25744,4831,True,False
25744,25166,True,False
25744,25158,True,False
25744,24545,True,False
25659,25558,False,True
25652,19067,False,True
25593,23970,False,True
25593,23049,False,True
25556,25456,True,False
25385,23326,True,False
25371,25323,True,False
25371,25344,False,True
25369,23326,True,False
25261,24817,False,True
25261,24817,False,True
25211,1,True,False
25185,25182,True,False
24998,24996,True,False
24787,98,True,False
24734,23984,False,True
24734,24110,False,True
24678,19616,True,False
24677,24621,False,True
24604,24539,False,True
24604,24539,False,True
24603,24539,False,True
24603,24539,False,True
24602,24539,False,True
24602,24539,False,True
24549,23462,True,False
24498,24407,False,True
24498,2295,False,True
24436,24409,False,True
24431,24322,False,True
24394,4072,False,True
24318,24193,False,True
24294,24193,False,True
24286,21097,True,False
24096,23326,True,False
24096,24022,False,True
23837,23744,False,True
23806,7,True,False
23692,23636,True,False
23691,23636,True,False
23615,23490,False,True
23583,23087,False,True
23583,23457,False,True
23514,22812,False,True
23479,23430,False,True
23478,6859,True,False
23476,23457,False,True
23427,1,True,False
23427,2,False,False
23394,23049,False,True
23205,25220,False,True
23197,23195,True,False
23149,23136,False,True
23149,22672,True,False
23013,22978,True,False
23005,22945,True,False
22962,7,True,False
22962,7,True,False
22955,2,False,False
22913,1,True,False
22913,2,False,False
22832,22754,True,False
22781,22627,True,False
22506,22505,True,False
22282,19216,True,False
22273,19216,True,False
22264,19216,True,False
22045,21746,False,True
21937,21928,False,True
21846,21528,False,True
21697,21006,False,True
21666,6,True,True
21582,19848,True,False
21530,21006,False,True
21481,21479,False,True
21461,21439,False,True
21460,21439,False,True
21459,21439,False,True
21456,21439,False,True
21455,21439,False,True
21453,21439,False,True
21436,26,True,True
21327,7,True,False
21206,20773,True,False
21080,21031,False,True
21079,20814,False,True
21051,21052,False,True
21050,20990,False,True
20939,20808,True,False
20863,113,True,False
20829,20784,False,True
20709,20686,False,True
20677,20478,False,True
20675,1,True,False
20675,2,False,False
20455,7,True,False
20427,20323,False,True
20399,20384,True,False
20371,19490,False,True
20370,20276,False,True
20358,18383,False,True
20358,20336,False,True
20334,20277,False,True
20300,19999,False,True
20274,7,True,False
20268,19346,True,False
20089,20088,True,False
20064,20040,True,False
19958,19136,True,False
19952,19919,False,True
19900,19895,False,True
19829,18071,True,False
19829,1800,True,False
19570,19522,False,True
19545,19477,False,True
19459,5835,True,False
19459,19419,False,True
19431,6642,True,True
19368,19258,False,True
19274,18715,False,True
19274,17287,True,False
19274,19216,True,False
19218,0,False,False
19209,1,True,False
19180,7,True,False
19161,19029,True,False
19128,7,True,False
19128,6,True,True
19042,105,True,False
19001,114,True,False
18983,7,True,False
18983,7,True,False
18983,7,True,False
18970,17991,True,False
18960,18653,True,False
18911,15673,True,False
18911,15674,True,False
18911,15675,True,False
18911,15678,True,False
18911,15701,True,False
18911,15676,True,False
18911,15702,True,False
18911,15679,True,False
18876,6,True,True
18812,17177,True,False
18810,458,True,True
18766,18494,False,True
18707,13430,False,True
18689,18494,False,True
18526,323,True,False
18526,323,True,False
18526,328,True,False
18504,3846,True,False
18428,18293,True,False
18396,18307,False,True
18396,18307,False,True
18304,18283,True,False
18293,18283,True,False
18293,18133,True,False
18279,18278,True,False
18278,17182,True,False
18232,15974,True,False
18232,17207,True,False
18031,7,True,False
18031,7,True,False
18010,11,True,False
18001,7,True,False
18001,7,True,False
17960,17959,True,False
17937,13685,True,False
17929,17906,False,True
17891,7,True,False
17889,17998,True,False
17889,8919,True,False
17889,18000,True,False
17828,7,True,False
17733,17334,False,True
17634,17617,False,True
17631,1,True,False
17576,17544,False,True
17421,17376,False,True
17381,2677,True,False
17353,16676,True,False
17111,13602,True,False
17064,17055,False,True
16984,16927,True,False
16940,14354,False,True
16921,7,True,False
16916,16905,True,False
16856,2282,True,True
16670,7,True,False
16524,16503,True,False
16365,7660,True,False
16295,16199,True,False
16265,7,True,False
16198,0461,False,False
16182,16183,True,False
16156,5023,True,False
16148,16081,False,True
16127,7,True,False
16041,15966,False,True
15901,118,True,False
15804,2836,True,False
15804,12755,True,False
15804,13402,True,False
15804,14084,True,False
15762,15761,True,False
15555,13389,True,False
15536,15322,True,False
15523,15049,True,False
15523,15049,True,False
15027,14862,True,False
15027,14794,True,False
14996,14980,False,True
14943,10,True,True
14928,14853,True,False
14895,13024,False,True
14895,13024,False,True
14894,14889,False,True
14894,14889,False,True
14893,14889,False,True
14893,14889,False,True
14890,14447,False,True
14833,14824,False,True
14833,14824,False,True
14768,14741,False,True
14759,14758,True,False
14749,7071,True,False
14694,4971,True,False
14694,12597,True,False
14481,6,True,True
14372,11159,True,False
14370,7,True,False
14260,10891,True,False
14260,11689,True,False
14172,13955,False,True
14169,8438,True,False
14084,2836,True,False
14084,12755,True,False
14084,13402,True,False
14003,8805,True,False
13948,13879,False,True
13899,13875,False,True
13842,13818,False,True
13830,12225,True,False
13813,10492,True,False
13776,8962,True,False
13776,13772,False,True
13714,7861,True,False
13707,12625,True,False
13683,13648,False,True
13637,13636,False,True
13530,13500,False,True
13468,13275,True,False
13403,01,False,False
13400,8990,True,False
13295,10126,True,False
13295,3711,True,False
13295,1029,True,False
13269,5418,True,False
13207,12644,False,True
13197,13178,False,True
13186,13137,False,True
13070,13037,False,True
13058,13018,False,True
12938,12937,False,True
12922,12921,False,True
12862,12826,False,True
12861,12826,False,True
12831,12826,False,True
12736,1503,True,False
12699,11993,True,False
12680,216,True,False
12664,12619,True,False
12654,98,True,False
12642,1180,True,False
12631,10311,True,False
12625,13707,True,False
12625,5397,True,False
12618,1163,True,False
12609,4575,True,False
12575,12574,False,True
12548,12532,False,True
12547,12532,False,True
12544,9398,True,False
12533,12529,False,True
12508,12097,False,True
12507,12097,False,True
12506,12097,False,True
12503,12096,False,True
12502,12096,False,True
12466,12464,False,True
12438,12380,True,False
12418,8170,True,True
12413,12407,False,True
12412,1156,True,False
12390,12353,False,True
12379,7,True,False
12379,12380,True,False
12379,12736,True,False
12364,165,True,False
12361,850,True,False
12226,12205,False,True
12219,11949,False,True
12154,12073,False,True
12135,12110,False,True
12086,12084,False,True
12069,12056,False,True
12065,12059,False,True
12018,12002,False,True
12018,11972,False,True
11986,11530,True,False
11984,1061,True,False
11979,11901,True,False
11966,1059,False,True
11965,1059,False,True
11946,11838,False,True
11894,11881,False,True
11893,11881,False,True
11883,11881,False,True
11868,11862,False,True
11860,11743,False,True
11818,11807,False,True
11795,11772,False,True
11794,11791,False,True
11780,8539,True,False
11722,11358,True,False
11692,1016,True,False
11613,11600,False,True
11612,11602,True,False
11592,3226,True,False
11583,6,True,True
11569,7213,True,False
11569,4137,True,False
11566,6183,True,False
11552,118,True,False
11441,7399,True,False
11402,2375,True,False
11345,11233,False,True
11299,12619,True,False
11299,15049,True,False
11299,15050,True,False
11299,12436,True,False
11299,13827,True,False
11299,13828,True,False
11239,1,True,False
11209,7,True,False
11188,9769,True,False
11159,3357,True,False
11150,11139,False,True
11090,1365,False,True
11036,11023,False,True
11035,11023,False,True
11027,6789,True,False
10977,10967,False,True
10945,11370,True,False
10945,7,True,False
10923,10900,False,True
10860,10846,False,True
10844,10833,False,True
10839,10467,True,False
10788,887,True,False
10787,887,True,False
10767,10758,False,True
10766,10758,False,True
10763,10747,False,True
10761,10760,False,True
10671,9894,False,True
10645,118,True,False
10610,593,True,False
10495,10494,True,False
10477,10437,False,True
10477,10438,True,False
10416,300,True,False
10406,8334,True,False
10355,9362,False,True
10336,10263,False,True
10296,10239,True,False
10296,9274,True,False
10196,10119,False,True
10152,10151,False,True
10144,10122,False,True
10138,1239,True,False
10135,10122,False,True
10132,1018,True,True
10118,10106,False,True
10115,10106,False,True
10114,10106,False,True
10113,10103,False,True
10099,2,False,False
10058,10057,False,True
10037,9948,False,True
10021,10001,False,True
9961,735,True,False
9954,6677,True,False
9876,6400,True,False
9851,9831,False,True
9835,714,True,False
9805,703,True,True
9801,9798,False,True
9769,9338,True,False
9769,9773,False,True
9759,22,True,False
9727,0,False,False
9723,130,True,False
9693,738,True,True
9692,9687,False,True
9690,9685,False,True
9672,9648,False,True
9669,9667,False,True
9666,9665,False,True
9653,14,True,False
9629,9588,False,True
9629,6636,True,True
9609,9605,False,True
9602,9601,False,True
9573,9560,False,True
9557,634,True,False
9556,634,True,False
9555,634,True,False
9553,648,True,False
9550,649,True,False
9549,649,True,False
9548,651,True,False
9547,651,True,False
9509,9407,True,False
9493,5,True,False
9464,9431,False,True
9425,2837,True,False
9411,9330,True,False
9399,9398,True,False
9394,9389,False,True
9385,9378,False,True
9365,9353,False,True
9361,616,True,False
9355,160,True,False
9354,9272,False,True
9349,9208,False,True
9316,4562,True,False
9308,9181,True,False
9308,9151,True,False
9299,9268,False,True
9298,9163,False,True
9297,9132,True,False
9276,9259,False,True
9275,9259,False,True
9270,10627,False,True
9262,9259,False,True
9244,9104,True,False
9241,9159,True,False
9236,400,False,True
9221,136,True,False
9215,9213,False,True
9195,9130,False,True
9178,5292,True,False
9172,9034,False,True
9155,7062,True,False
9155,8045,True,True
9155,9326,False,True
9155,9286,False,True
9150,9130,False,True
9147,8740,True,False
9146,8740,True,False
9025,5395,True,False
8987,347,True,False
8970,6851,True,False
8942,6560,True,False
8942,7934,True,True
8933,6261,True,False
8902,8471,True,True
8877,7049,True,False
8867,8832,False,True
8828,8799,True,True
8827,8799,True,True
8811,8415,True,False
8742,8612,True,True
8729,8726,True,False
8726,188,True,False
8726,8729,True,False
8726,8729,True,False
8719,8718,True,False
8719,8717,True,False
8717,8718,True,False
8670,5445,True,False
8652,8650,True,False
8633,5165,True,False
8633,258,True,False
8633,5624,True,False
8576,8423,True,False
8560,850,True,False
8533,6235,True,False
8520,8511,True,False
8520,8517,False,True
8520,8511,True,False
8520,8517,False,True
8519,8492,False,True
8518,8420,True,False
8515,8500,False,True
8511,8476,True,False
8502,8424,True,True
8501,8424,True,True
8499,8424,True,True
8498,8424,True,True
8497,8424,True,True
8496,8424,True,True
8493,8223,True,True
8491,8424,True,True
8476,8669,True,True
8455,6739,True,False
8448,7681,True,False
8445,8351,True,False
8436,6543,True,True
8436,8351,True,False
8431,7537,True,False
8419,6949,True,False
8413,6645,True,False
8404,3304,True,False
8399,5143,True,False
8379,5,True,False
8364,7881,True,False
8364,7881,True,False
8309,8476,True,False
8302,8127,True,False
8268,7929,True,False
8228,7768,True,False
8216,6407,True,False
8211,6601,True,False
8211,6601,True,False
8199,3898,True,False
8190,4132,True,False
8181,119,True,False
8131,7434,True,False
8126,7291,True,False
8101,8083,False,True
8099,8083,False,True
8098,8083,False,True
8081,8072,False,True
8080,8070,True,True
8079,8070,True,True
8077,8176,True,True
8069,8044,True,True
8065,1911,True,False
8065,8065,True,False
8051,8038,True,True
8049,3718,True,False
8022,5961,True,False
8021,154,False,False
8017,3575,True,False
8015,118,True,False
8014,261,True,False
8007,5373,True,False
7987,6407,True,False
7977,303,True,False
7972,4973,True,False
7938,7916,True,True
7932,998,True,False
7884,15,True,False
7884,6136,True,False
7884,15,True,False
7883,7887,True,True
7880,7004,True,False
7854,6790,True,True
7854,6790,True,True
7847,6497,True,False
7833,7830,True,True
7803,6407,True,False
7797,7848,True,True
7786,7784,False,True
7771,3538,True,False
7736,5445,True,False
7730,7734,True,False
7730,7734,True,False
7681,1226,True,False
7681,5143,True,False
7670,7664,False,True
7638,153623,False,False
7632,6949,True,False
7632,6949,True,False
7632,185,True,False
7630,261,True,False
7630,5018,True,False
7630,15,True,False
7630,5018,True,False
7630,15,True,False
7630,261,True,False
7626,115,True,False
7626,115,True,False
7625,5604,True,False
7625,5604,True,False
7614,850,True,False
7614,850,True,False
7602,11474,False,True
7599,3391,True,False
7599,2147,True,False
7599,813,True,False
7599,3391,True,False
7599,2147,True,False
7599,10153,True,False
7592,7737,True,False
7592,2401,True,False
7592,7737,True,False
7592,336,True,True
7588,7588,True,False
7588,7588,True,False
7580,275,True,False
7566,7364,True,False
7561,159,False,False
7561,159,False,False
7561,5205,True,False
7561,776,True,False
7548,7541,True,True
7521,7227,True,True
7512,1065,False,True
7509,7812,True,False
7507,7506,True,False
7496,49,True,False
7463,3990,True,False
7463,3990,True,False
7459,250,True,False
7458,60,True,False
7453,6400,True,False
7453,6400,True,False
7451,3993,True,False
7451,3993,True,False
7446,7480,True,True
7446,7480,True,True
7441,8783,True,True
7439,3723,True,False
7439,3723,True,False
7436,7437,True,True
7426,7414,False,True
7373,8102,False,True
7322,5172,True,False
7301,4046,True,True
7293,8087,True,True
7293,8087,True,True
7279,8378,True,True
7274,7031,True,False
7266,64,True,False
7264,227,True,False
7256,7329,True,False
7239,30,True,False
7226,7249,True,True
7225,7641,True,True
7225,7665,True,True
7225,7641,True,True
7225,7665,True,True
7213,4137,True,False
7213,12092,False,True
7211,7201,True,False
7211,7201,True,False
7206,6305,True,True
7194,6407,True,False
7194,6407,True,False
7177,7624,True,True
7157,130,True,False
7155,129,True,False
7153,128,True,False
7149,7784,False,True
7142,6971,True,False
7142,7141,True,False
7139,6915,True,False
7139,7136,True,False
7139,7137,True,False
7139,7138,True,False
7139,7755,True,False
7138,8722,True,True
7137,8722,True,True
7129,6962,True,True
7107,7017,True,False
7084,1543,True,False
7082,10358,True,False
7071,3798,True,False
7070,10520,False,True
7070,10520,False,True
7068,8928,True,False
7053,34808,False,True
7053,35163,True,False
7053,34808,False,True
7037,2249,True,False
7035,5,True,False
7035,5,True,False
7035,7031,True,False
7035,7031,True,False
7031,345,True,False
7030,10216,False,True
7030,4591,True,False
7026,7028,True,True
7026,7028,True,True
7008,6285,True,False
7008,1,True,False
7008,6285,True,False
7008,1,True,False
7000,6998,True,False
7000,3705,True,False
7000,6736,True,False
6999,6998,True,False
6971,6,True,True
6966,6309,True,False
6963,6965,True,False
6963,6965,True,False
6953,5739,True,False
6953,5561,True,False
6953,8075,True,False
6953,6671,False,False
6939,311,False,False
6939,155,True,False
6939,311,False,False
6915,6945,True,False
6901,12379,True,False
6899,6926,True,True
6899,6926,True,True
6881,4119,True,False
6877,355,True,False
6873,2803,True,True
6868,5,True,False
6866,7410,False,True
6866,7410,False,True
6865,6857,True,True
6865,6857,True,True
6863,6906,True,False
6863,6906,True,False
6863,8783,True,True
6862,7431,False,True
6855,6906,True,False
6855,6906,True,False
6852,6906,True,False
6852,6906,True,False
6852,6906,True,False
6852,6906,True,False
6851,6906,True,False
6851,6906,True,False
6851,7537,True,False
6851,7537,True,False
6850,4174,True,False
6850,4174,True,False
6837,6906,True,False
6814,1419,True,False
6814,1419,True,False
6814,1419,True,False
6814,1419,True,False
6795,47,True,False
6788,111,True,False
6788,111,True,False
6757,58623,False,False
6750,6560,True,False
6750,6560,True,False
6750,7727,True,True
6739,3704,True,False
6739,3704,True,False
6733,6183,True,False
6697,6694,True,True
6682,7672,True,True
6673,51,True,False
6673,6949,True,False
6672,259,True,False
6672,13,True,False
6667,3682,True,False
6651,6729,False,True
6649,5840,True,False
6645,6628,True,False
6643,6633,True,True
6638,5306,True,False
6638,3012,True,False
6638,2146,True,False
6638,5306,True,False
6638,3012,True,False
6638,2146,True,False
6638,154,False,False
6630,1046,False,True
6628,9350,False,True
6603,26846,False,True
6603,26948,False,True
6601,8211,True,False
6601,8211,True,False
6600,6870,True,True
6600,6870,True,True
6594,6599,True,True
6594,6599,True,True
6588,6740,True,True
6588,6740,True,True
6577,6582,True,True
6577,6582,True,True
6554,4763,True,False
6554,4766,True,False
6553,133,True,False
6553,5365,True,False
6553,133,True,False
6536,5528,True,False
6533,6528,True,True
6530,6528,True,True
6500,6501,True,True
6489,3571,True,False
6489,3571,True,False
6477,6488,True,True
6477,6488,True,True
6472,6478,True,True
6441,8121,True,False
6441,8121,True,False
6417,6358,True,False
6407,7139,True,False
6400,5757,True,False
6400,5032,True,False
6400,5033,True,False
6400,5302,False,True
6400,6400,True,False
6400,5033,True,False
6388,6211,True,False
6383,6104,True,False
6358,159,False,False
6357,6581,True,False
6357,6581,True,False
6354,6257,True,False
6353,44,True,False
6353,45,True,False
6348,7139,True,False
6344,6515,True,True
6342,6291,True,False
6342,6291,True,False
6338,6343,True,True
6338,6343,True,True
6331,6328,True,True
6329,6330,True,True
6325,6380,True,True
6315,1898,True,False
6291,6328,True,True
6276,6274,True,False
6267,6275,True,True
6262,6317,True,True
6262,6317,True,True
6261,5378,True,False
6260,465,True,False
6259,7139,True,False
6257,2796,True,False
6227,6429,True,True
6214,6503,True,True
6214,6503,True,True
6210,6177,True,True
6210,6172,True,True
6208,6239,True,True
6208,6239,True,True
6207,6114,True,False
6207,6114,True,False
6182,5402,True,False
6182,5402,True,False
6182,5402,True,False
6182,377,True,False
6178,6358,True,False
6178,6358,True,False
6173,5969,True,False
6136,3555,True,False
6133,3552,True,False
6129,1653,True,False
6129,5444,True,False
6115,6739,True,False
6111,6055,True,False
6111,6055,True,False
6104,6262,True,False
6104,6264,True,False
6104,6262,True,False
6104,6264,True,False
6104,6262,True,False
6104,6264,True,False
6098,4858,True,False
6098,4848,True,True
6098,4858,True,False
6098,4848,True,True
6072,5964,True,False
6061,6930,True,True
6060,6056,True,False
6060,6056,True,False
5993,4163,True,False
5993,4163,True,False
5990,11628,False,True
5986,5986,True,False
5977,5978,True,False
5975,6297,True,True
5975,6297,True,True
5969,6173,True,False
5969,6173,True,False
5924,5927,True,False
5894,5880,True,True
5894,4828,True,False
5894,4828,True,False
5894,4828,True,False
5894,4828,True,False
5894,4828,True,False
5894,4828,True,False
5894,5880,True,True
5891,5845,True,True
5882,5402,True,False
5881,115,True,False
5881,181,True,False
5881,6,True,True
5870,5871,True,True
5870,5379,True,True
5865,1746,True,False
5863,5041,True,False
5835,1689,True,False
5835,1689,True,False
5835,23557,False,True
5830,4543,True,True
5829,949,True,False
5819,12530,True,False
5818,3034,True,False
5818,3034,True,False
5814,4697,True,False
5814,4697,True,False
5806,5403,True,False
5806,263,True,False
5781,5153,True,False
5781,5153,True,False
5752,6701,True,True
5752,6701,True,True
5748,6175,True,True
5739,711,True,False
5739,711,True,False
5735,2855,True,False
5676,5365,True,False
5676,5172,True,False
5668,5557,True,False
5668,5721,True,False
5668,5557,True,False
5666,6633,True,True
5665,6633,True,True
5664,6633,True,True
5663,6633,True,True
5662,6633,True,True
5660,6633,True,True
5657,6457,True,False
5654,5653,True,True
5627,71,True,False
5627,71,True,False
5627,71,True,False
5624,5165,True,False
5624,4945,True,False
5624,5165,True,False
5624,4945,True,False
5624,516,True,False
5624,5165,True,False
5611,7070,True,False
5611,10520,False,True
5611,5656,True,False
5611,7070,True,False
5610,2697,True,False
5605,964,True,False
5604,5025,True,False
5572,5523,True,True
5562,5544,True,False
5561,8065,True,False
5561,8065,True,False
5561,15649,True,False
5561,8065,True,False
5561,8065,True,False
5556,6727,True,True
5553,5552,True,False
5553,5551,True,False
5545,5546,True,True
5542,1304,True,True
5522,548,True,False
5514,63,True,False
5501,19640,True,False
5496,5514,True,False
5496,4973,True,False
5496,5514,True,False
5496,4973,True,False
5491,5255,True,False
5491,5126,True,False
5481,3034,True,False
5481,3034,True,False
5462,5472,True,True
5413,4264,True,False
5403,4971,True,False
5394,3515,False,True
5391,5197,False,True
5383,5172,True,False
5383,5172,True,False
5383,261,True,False
5365,5172,True,False
5365,5172,True,False
5355,2136,True,False
5348,4615,True,False
5348,4615,True,False
5340,4280,True,False
5333,4251,True,False
5324,2184,True,False
5313,5311,False,True
5309,5472,True,True
5306,3012,True,False
5252,3798,True,False
5252,3798,True,False
5224,5141,True,False
5194,1752,True,False
5185,3712,True,False
5173,5168,True,False
5171,1442,True,True
5171,1442,True,True
5168,5173,True,False
5168,5173,True,False
5168,357,True,False
5168,5173,True,False
5167,15658,False,True
5165,3357,True,False
5163,3366,True,False
5163,3630,True,False
5163,3366,True,False
5163,3630,True,False
5162,3705,True,False
5162,3705,True,False
5162,24976,True,False
5157,18415,False,True
5154,5402,True,False
5154,5402,True,False
5154,6235,True,False
5154,206,True,False
5153,2319,True,False
5153,2319,True,False
5139,3312,True,False
5139,3312,True,False
5135,4358,True,False
5128,7740,True,True
5125,7170,True,False
5106,5019,False,True
5103,5001,True,False
5103,5001,True,False
5096,5104,True,False
5093,6663,True,False
5093,6663,True,False
5077,5063,True,False
5070,7498,True,True
5058,206,True,False
5052,5265,False,True
5032,227,True,False
5032,227,True,False
5032,119,True,False
5032,5033,True,False
5032,5033,True,False
5032,119,True,False
5032,6,True,True
5032,5033,True,False
5032,119,True,False
5032,6,True,True
5032,5961,True,False
5025,4344,True,False
5009,8048,True,False
5001,4179,True,False
4980,60,True,False
4973,7164,True,True
4971,263,True,False
4971,144,True,False
4971,12699,True,False
4968,595,False,False
4935,3785,True,False
4932,3785,True,False
4930,3785,True,False
4918,4942,False,True
4904,3584,True,False
4904,3584,True,False
4900,6604,True,False
4900,6604,True,False
4896,711,True,False
4896,711,True,False
4892,6360,True,True
4892,6318,True,True
4888,4643,True,True
4873,4466,True,False
4871,3707,True,False
4866,5124,True,False
4866,5125,True,False
4856,4899,True,False
4856,4908,True,True
4856,4899,True,False
4856,4908,True,True
4843,1226,True,False
4839,4838,True,False
4839,4838,True,False
4775,4774,True,False
4774,4741,True,False
4767,1151,True,False
4758,4757,True,True
4758,4757,True,True
4741,4783,True,True
4737,3712,True,False
4726,1230,True,True
4720,5719,True,True
4720,6244,False,True
4720,6244,False,True
4718,3792,True,False
4718,3792,True,False
4716,4344,True,False
4714,5445,True,False
4691,16990,False,True
4671,15404,False,True
4670,206,True,False
4670,206,True,False
4655,1790,False,True
4655,1250,True,True
4653,4105,True,False
4647,6305,True,True
4646,4037,True,False
4635,4251,True,False
4635,4251,True,False
4625,4640,True,True
4625,4640,True,True
4624,4640,True,True
4624,4640,True,True
4623,4163,True,False
4619,4629,True,True
4616,7064,True,False
4599,5384,True,False
4586,5402,True,False
4583,4595,True,True
4583,4595,True,True
4582,136,True,False
4582,136,True,False
4580,4575,True,False
4580,4575,True,False
4580,4578,True,False
4578,4580,True,False
4578,4575,True,False
4578,4580,True,False
4578,4575,True,False
4575,4578,True,False
4575,4580,True,False
4575,4578,True,False
4575,4580,True,False
4565,2136,True,False
4562,2091,True,False
4553,4539,True,True
4531,4643,True,True
4507,4509,True,False
4503,4788,True,False
4502,5629,True,True
4498,4043,True,False
4491,469,True,True
4490,4609,True,True
4490,4609,True,True
4484,4037,True,False
4471,3267,True,True
4456,2936,True,False
4447,3442,True,False
4447,7226,True,False
4447,7226,True,False
4444,5187,True,False
4437,3785,True,False
4413,35,True,False
4413,35,True,False
4410,4222,True,False
4410,4222,True,False
4410,4335,True,False
4410,1039,True,False
4397,3785,True,False
4397,3785,True,False
4396,3785,True,False
4396,3785,True,False
4392,3785,True,False
4390,2753,True,False
4390,2753,True,False
4388,4620,True,False
4384,4504,True,True
4384,4504,True,True
4375,3614,True,False
4375,3614,True,False
4375,3614,True,False
4374,3415,True,False
4374,3415,True,False
4370,8961,False,True
4368,4121,True,False
4368,4121,True,False
4355,3998,True,False
4354,3998,True,False
4343,4021,True,False
4342,3292,True,False
4342,3292,True,False
4342,3292,True,False
4337,6030,False,True
4335,4540,True,True
4335,4513,False,True
4335,4540,True,True
4335,4513,False,True
4314,4235,True,False
4312,4319,True,True
4312,4319,True,True
4311,6299,True,True
4311,6299,True,True
4302,250,True,False
4302,250,True,False
4298,4264,True,False
4298,4264,True,False
4277,4504,True,True
4269,4238,True,True
4269,4238,True,True
4265,4214,True,False
4255,4222,True,False
4255,4264,True,False
4255,4264,True,False
4255,4222,True,False
4248,2985,True,False
4245,3785,True,False
4245,4346,True,True
4245,3785,True,False
4240,1093,True,False
4235,3785,True,False
4235,3785,True,False
4227,4028,True,False
4227,4028,True,False
4223,4034,True,False
4223,2773,True,False
4222,4303,True,True
4222,4264,True,False
4222,4255,True,False
4222,4022,True,False
4222,4303,True,True
4214,4265,True,False
4206,4019,True,False
4170,4186,False,True
4167,4257,True,True
4164,721,True,False
4164,721,True,False
4162,4073,True,False
4154,3785,True,False
4149,4221,True,False
4149,4333,True,True
4149,4221,True,False
4137,7213,True,False
4128,1017,True,False
4127,2779,True,False
4123,3209,True,False
4123,3209,True,False
4122,3612,True,False
4115,4117,True,True
4113,3049,True,False
4113,3049,True,False
4109,4111,True,True
4109,4111,True,True
4109,4111,True,True
4109,4111,True,True
4095,134,True,False
4095,134,True,False
4074,4051,True,False
4071,3857,True,False
4071,3857,True,False
4052,850,True,False
4048,119,True,False
4033,3500,True,False
4022,4264,True,False
4022,4303,True,True
3998,4759,True,True
3998,4759,True,True
3993,116,True,False
3993,7451,True,False
3993,1239,True,False
3993,116,True,False
3993,7451,True,False
3993,3281,True,False
3993,3281,True,False
3993,3281,True,False
3993,7451,True,False
3993,3281,True,False
3990,7278,True,False
3990,1419,True,False
3984,3785,True,False
3984,4044,True,False
3984,3785,True,False
3984,4044,True,False
3976,18810,True,False
3970,3785,True,False
3970,3785,True,False
3962,3785,True,False
3962,4002,True,True
3962,4088,True,True
3962,3785,True,False
3951,10232,False,True
3947,3962,True,False
3940,1751,True,False
3940,3705,True,False
3940,1751,True,False
3929,9374,False,True
3914,263,True,False
3914,263,True,False
3910,3330,True,False
3910,119,True,False
3910,119,True,False
3910,3330,True,False
3900,36,True,False
3900,36,True,False
3899,119,True,False
3899,119,True,False
3818,3110,True,False
3818,3110,True,False
3805,3794,True,False
3798,1481,False,True
3798,1481,False,True
3797,23087,False,True
3795,3785,True,False
3786,3785,True,False
3776,3754,True,False
3771,3617,True,False
3771,3547,True,False
3767,3754,True,False
3766,3754,True,False
3765,3754,True,False
3759,3708,True,True
3759,3708,True,True
3756,3758,True,True
3756,3758,True,True
3748,8067,True,False
3748,11015,True,False
3742,3861,True,False
3740,119,True,False
3738,2907,True,False
3738,2962,True,True
3738,2907,True,False
3734,39,True,False
3718,6182,True,False
3718,6182,True,False
3718,6182,True,False
3717,2060,False,False
3717,2060,False,False
3712,6076,True,True
3712,6076,True,True
3710,38,True,False
3705,5162,True,False
3675,1400,True,False
3675,1400,True,False
3673,5445,True,False
3673,5445,True,False
3671,3415,True,False
3671,3630,True,False
3664,254,True,False
3659,3815,True,False
3637,7138,True,False
3637,7138,True,False
3630,3415,True,False
3626,3635,True,True
3626,3635,True,True
3617,3771,True,False
3617,3771,True,False
3617,3771,True,False
3612,3618,True,True
3602,3567,True,False
3602,670,True,False
3595,670,True,False
3595,670,True,False
3595,670,True,False
3595,670,True,False
3595,670,True,False
3595,670,True,False
3593,4417,True,True
3593,4417,True,True
3571,333,True,True
3561,3171,True,False
3561,3171,True,False
3550,1702,True,False
3550,1702,True,False
3549,3535,True,False
3549,3535,True,False
3506,3518,True,False
3505,2292,True,False
3499,3088,True,True
3497,119,True,False
3497,263,True,False
3497,119,True,False
3497,263,True,False
3496,2304,True,False
3496,2304,True,False
3486,100,True,False
3486,100,True,False
3485,3488,True,True
3477,3482,True,True
3477,3482,True,True
3476,3487,True,False
3443,1373,True,False
3438,44516,True,False
3438,44516,True,False
3415,3630,True,False
3409,3311,True,False
3409,3311,True,False
3407,1651,True,False
3404,320,True,False
3404,320,True,False
3390,3012,True,False
3382,2545,True,False
3381,3435,True,True
3379,2909,True,False
3352,3351,True,False
3352,3351,True,False
3351,3352,True,False
3350,7138,True,False
3342,1219,True,True
3318,3329,True,True
3313,3286,True,True
3312,5139,True,False
3312,5139,True,False
3304,7,True,False
3304,13,True,False
3287,3308,True,True
3287,3308,True,True
3281,3993,True,False
3281,7715,True,False
3281,3993,True,False
3275,2146,True,False
3270,3287,True,False
3252,1791,True,True
3233,3168,True,True
3211,2549,True,False
3204,1031,True,False
3203,945,True,True
3203,945,True,True
3202,2136,True,False
3202,2136,True,False
3193,1663,True,False
3193,1663,True,False
3177,5466,False,True
3169,6,True,True
3169,5,True,False
3169,4,True,True
3169,6,True,True
3169,5,True,False
3169,6,True,True
3169,5,True,False
3169,5,True,False
3166,1632,True,True
3166,628,True,False
3164,29677,True,False
3163,3274,True,True
3163,3274,True,True
3161,3163,True,False
3161,3163,True,False
3161,3163,True,False
3161,3163,True,False
3161,3163,True,False
3159,35,True,False
3147,3158,True,True
3147,3158,True,True
3133,3074,True,True
3109,951,True,False
3075,3074,True,True
3051,3028,True,True
3021,34,True,False
3019,112,True,False
3019,112,True,False
3012,13,True,False
3012,13,True,False
3008,160,True,False
2989,850,True,False
2985,4248,True,False
2972,1764,True,False
2972,1764,True,False
2936,4456,True,False
2930,3703,True,False
2915,2949,True,False
2907,2487,True,False
2902,201,True,False
2902,201,True,False
2893,2996,True,True
2893,2996,True,True
2891,2884,True,False
2891,2884,True,False
2880,2832,True,False
2880,2832,True,False
2880,2933,False,True
2876,2986,True,True
2854,3081,True,True
2844,1102,True,True
2840,2898,True,False
2825,2947,False,True
2809,2369,True,False
2802,2801,True,True
2802,2820,True,True
2781,2782,True,False
2776,2967,True,True
2776,2967,True,True
2771,2957,True,True
2767,3298,True,True
2767,3298,True,True
2757,81,True,False
2757,1269,True,False
2752,92,True,False
2697,13026,False,True
2694,4027,True,False
2694,4643,True,True
2694,4027,True,False
2675,2397,True,False
2675,20,True,False
2675,2397,True,False
2675,20,True,False
2675,20,True,False
2671,2667,True,False
2666,2669,True,True
2658,1947,True,False
2658,2701,False,True
2658,1947,True,False
2654,2590,True,True
2654,2590,True,True
2650,2590,True,True
2650,2590,True,True
2616,2590,True,True
2616,2590,True,True
2605,2605,True,False
2605,2766,False,True
2584,857,True,False
2584,2461,True,False
2577,1781,True,False
2577,1781,True,False
2556,4159,True,True
2554,4159,True,True
2554,4159,True,True
2550,3209,True,False
2550,3209,True,False
2505,15286,True,False
2501,6220,False,True
2496,2296,False,True
2487,2907,True,False
2481,6633,True,True
2481,6633,True,True
2450,599,True,False
2444,1171,True,False
2427,154,False,False
2404,2206,True,False
2404,2206,True,False
2402,2206,True,False
2402,2206,True,False
2401,263,True,False
2401,263,True,False
2400,2742,True,True
2400,2742,True,True
2397,20,True,False
2397,2145,True,False
2397,20,True,False
2397,2145,True,False
2348,3383,True,True
2313,2312,False,True
2310,2879,True,True
2306,2305,False,True
2246,6254,True,True
2246,6254,True,True
2225,2223,True,False
2215,1338,True,False
2209,144,True,False
2205,5561,True,False
2204,154,False,False
2202,110,True,False
2202,110,True,False
2202,110,True,False
2202,110,True,False
2173,284,True,False
2173,284,True,False
2145,206,True,False
2145,20,True,False
2142,1965,True,True
2136,159,False,False
2136,7,True,False
2136,6671,False,False
2136,154,False,False
2136,154,False,False
2136,161,True,False
2136,8533,True,False
2136,3990,True,False
2136,7,True,False
2136,11886,True,False
2136,1677,True,False
2136,3371,True,False
2136,13,True,False
2136,5058,True,False
2136,60,True,False
2136,5032,True,False
2136,2147,True,False
2136,115,True,False
2136,2238,True,False
2136,2238,True,False
2136,186,True,False
2136,8,True,False
2136,1384,True,False
2136,3912,True,False
2136,3910,True,False
2136,3371,True,False
2136,13,True,False
2117,2060,False,False
2114,520,True,False
2103,996,False,False
2100,2136,True,False
2097,126,True,False
2076,2121,True,True
2050,133,True,False
2050,951,True,False
2048,2120,True,True
2048,2120,True,True
2022,33012,True,False
2020,2709,True,False
2016,13,True,False
2016,13,True,False
1960,13,True,False
1960,1728,True,False
1960,13,True,False
1945,2161,True,False
1944,1945,True,False
1931,1884,True,False
1917,71,True,False
1917,71,True,False
1916,559,True,False
1912,347,True,False
1912,6400,True,False
1911,174,True,False
1901,3858,True,True
1900,2,False,False
1900,2,False,False
1900,2,False,False
1900,2,False,False
1900,2,False,False
1900,2,False,False
1898,119,True,False
1891,4304,True,False
1863,1017,True,False
1857,1419,True,False
1857,1470,True,False
1857,1419,True,False
1855,821,True,False
1854,821,True,False
1853,2541,True,True
1853,2488,False,True
1830,234,True,False
1811,1861,True,True
1782,1786,True,True
1773,2491,False,True
1765,1783,True,True
1746,3912,True,False
1728,13,True,False
1728,13,True,False
1724,140,True,False
1698,29,True,False
1698,29,True,False
1647,6907,True,True
1647,6907,True,True
1638,1572,True,False
1638,1572,True,False
1637,1298,True,False
1637,1298,True,False
1631,1824,True,True
1631,1824,True,True
1631,1595,True,False
1631,1030,True,False
1613,2612,True,True
1596,1398,True,False
1595,1824,True,True
1564,5536,True,True
1559,1580,True,False
1551,850,True,False
1551,850,True,False
1540,2294,True,True
1537,595,False,False
1537,595,False,False
1535,1549,True,True
1535,1549,True,True
1524,3,True,False
1524,3,True,False
1524,3,True,False
1524,3,True,False
1524,3,True,False
1519,1521,True,False
1519,1521,True,False
1512,619,True,False
1512,619,True,False
1499,1518,True,True
1499,1518,True,True
1499,1518,True,True
1499,1518,True,True
1452,2,False,False
1452,2,False,False
1452,2,False,False
1447,2,False,False
1423,1335,True,False
1419,438,True,False
1419,4586,True,False
1419,450,True,False
1417,565,True,False
1417,565,True,False
1410,261,True,False
1410,261,True,False
1410,261,True,False
1410,261,True,False
1405,1412,True,False
1392,1714,True,True
1392,1882,True,True
1376,2168,True,True
1368,1689,True,False
1306,2672,True,False
1291,1312,True,False
1281,1006,True,False
1279,2773,True,False
1276,7,True,False
1276,737,True,False
1269,81,True,False
1266,33,True,False
1265,32,True,False
1264,1687,True,True
1264,1687,True,True
1263,7302,True,True
1263,7302,True,True
1247,1302,True,True
1226,4843,True,False
1226,4843,True,False
1226,4843,True,False
1207,181,True,False
1185,13826,False,True
1176,1166,True,True
1162,1231,True,True
1162,1231,True,True
1156,1944,True,False
1156,1945,True,False
1125,159,False,False
1103,4889,True,False
1097,1909,True,True
1096,1531,True,True
1094,1093,True,False
1093,1095,True,True
1093,1095,True,True
1079,1027,True,False
1066,2121,True,True
1029,6,True,True
1013,308,True,False
1007,1057,True,True
1007,1057,True,True
1006,1001,True,True
1006,985,True,True
1002,1006,True,False
999,1627,True,True
999,1627,True,True
995,1729,True,False
976,2236,True,True
976,2236,True,True
970,560,True,False
970,1373,True,False
962,250,True,False
962,250,True,False
959,1572,True,False
959,191,True,False
959,206,True,False
959,1572,True,False
959,191,True,False
959,206,True,False
954,943,True,False
952,354,False,True
951,133,True,False
940,933,False,True
928,1527,True,True
914,1095,True,True
903,1027712,False,False
890,708,True,False
885,540,True,False
885,770,True,True
885,983,True,True
878,1129766,False,False
873,3374,True,True
873,6392,True,True
873,6658,True,True
850,8364,True,False
850,7,True,False
826,77,True,False
813,271,True,False
813,271,True,False
813,271,True,False
813,271,True,False
813,271,True,False
813,271,True,False
813,271,True,False
813,271,True,False
813,271,True,False
813,271,True,False
813,831,True,True
811,849,True,False
801,3785,True,False
790,271,True,False
789,773,False,True
789,466,True,False
786,1809,True,True
786,1809,True,True
780,984,True,True
779,1376,True,False
779,8269,True,False
779,1376,True,False
779,1376,True,False
762,2343,False,True
751,2,False,False
751,2,False,False
751,2,False,False
751,2,False,False
751,2,False,False
751,2,False,False
739,756,True,True
733,7303,True,True
728,468,True,False
724,731,True,True
724,731,True,True
723,605,True,False
723,736,True,True
723,605,True,False
723,736,True,True
723,605,True,False
710,712,True,True
710,712,True,True
708,907,True,False
663,738,True,True
659,605,True,False
659,736,True,True
659,605,True,False
659,736,True,True
648,1292,True,False
610,664,True,False
610,680,True,True
610,664,True,False
610,680,True,True
600,598,True,True
600,598,True,True
596,598,True,True
596,598,True,True
592,911,False,True
588,2372,True,True
581,583,True,True
581,583,True,True
560,1373,True,False
522,415,True,True
511,513,True,True
511,345,True,False
511,513,True,True
502,605,True,False
502,605,True,False
464,2,False,False
463,2289,True,True
463,2289,True,True
439,415,True,True
420,347,True,False
420,166,True,False
420,161,True,False
420,526,True,False
420,347,True,False
420,166,True,False
420,161,True,False
420,526,True,False
420,4505,True,False
420,171,True,False
420,171,True,False
420,171,True,False
401,312,True,False
380,382,False,True
380,384,True,True
372,375,True,False
361,2184,True,False
347,9879,True,False
347,6,True,True
347,9924,True,False
347,5058,True,False
347,5445,True,False
347,35,True,False
347,6067,True,False
347,35,True,False
347,118,True,False
347,5058,True,False
347,118,True,False
347,6067,True,False
347,5445,True,False
347,6400,True,False
347,6400,True,False
320,609,True,True
320,609,True,True
320,463,True,False
312,7139,True,False
312,7139,True,False
312,7139,True,False
307,6400,True,False
307,6400,True,False
303,338,True,True
302,646,True,True
296,257,True,False
285,2,False,False
285,286,True,False
285,286,True,False
280,259,True,False
276,6,True,True
276,6,True,True
275,174,True,False
272,228,True,False
272,228,True,False
271,868,True,False
271,835,True,True
271,868,True,False
271,835,True,True
270,2,False,False
270,2,False,False
270,2,False,False
270,2,False,False
270,2,False,False
270,2,False,False
270,2,False,False
270,2,False,False
270,2,False,False
270,2,False,False
270,2,False,False
266,324,True,False
265,166,True,False
265,166,True,False
263,215,True,False
263,2401,True,False
263,2401,True,False
261,8,True,False
261,5383,True,False
259,117,True,False
259,259,True,False
258,73,True,False
258,73,True,False
257,673,True,True
257,887,True,False
257,673,True,True
257,887,True,False
254,3664,True,False
254,6183,True,False
254,6183,True,False
250,15911,True,False
247,1011,True,False
247,1011,True,False
234,166,True,False
234,166,True,False
229,159,False,False
229,159,False,False
229,159,False,False
229,159,False,False
229,206,True,False
229,159,False,False
229,159,False,False
227,119,True,False
227,3330,True,False
210,4886,True,False
210,4886,True,False
206,188,True,False
206,8823,True,False
206,5718,True,False
205,1276,True,False
205,1276,True,False
199,201,True,False
199,201,True,False
191,216,True,False
187,190,True,True
181,5881,True,False
178,206,True,False
178,206,True,False
176,7,True,False
176,7,True,False
176,7,True,False
176,7,True,False
165,115,True,False
161,160,True,False
152,486,True,False
151,488,True,True
150,488,True,True
149,488,True,True
148,488,True,True
147,488,True,True
146,488,True,True
143,488,True,True
139,124,True,False
134,131,True,False
134,131,True,False
134,131,True,False
134,131,True,False
134,131,True,False
133,803,True,False
131,153,True,False
131,3912,True,False
131,3912,True,False
129,191,True,False
129,0,False,False
129,154,False,False
129,154,False,False
121,98,True,False
119,1198,False,True
118,115,True,False
118,4042,True,True
118,4042,True,True
116,3993,True,False
115,119,True,False
115,8181,True,False
115,6400,True,False
115,3202,True,False
115,6400,True,False
114,6788,True,False
114,114,True,False
114,6788,True,False
114,114,True,False
110,320,True,False
107,206,True,False
106,119,True,False
104,58,True,False
104,98,True,False
102,6,True,True
102,3912,True,False
98,7,True,False
98,1,True,False
98,7,True,False
98,129,True,False
98,129,True,False
98,1,True,False
98,129,True,False
98,129,True,False
88,89,True,False
88,89,True,False
84,5535,True,True
84,5535,True,True
77,45,True,False
77,45,True,False
77,45,True,False
73,258,True,False
73,258,True,False
64,16,True,False
62,491,True,True
61,16,True,False
59,127,True,False
59,1226,True,False
40,503,True,True
29,2170,True,False
17,3912,True,False
17,3912,True,False
16,61,True,False
15,378,True,False
14,3912,True,False
14,3911,True,False
14,3912,True,False
14,3911,True,False
13,206,True,False
13,259,True,False
13,9523,True,False
13,1728,True,False
13,1728,True,False
13,259,True,False
12,137,True,False
26,378,True,False
26,378,True,False
335,342,True,True
342,335,True,True
422,386,True,False
422,386,True,False
425,6,True,True
425,6,True,True
485,1415308,False,False
485,1415308,False,False
480,492,True,False
480,492,True,False
539,549,True,False
583,606,True,True
583,606,True,True
683,681,True,False
800,837,False,True
876,695,True,False
883,863,True,False
958,304,True,False
983,770,True,True
983,770,True,True
983,770,True,True
983,770,True,True
984,780,True,False
984,780,True,False
992,1028,True,False
1106,1052,True,True
1106,1052,True,True
1075,1627,True,True
1075,1627,True,True
1201,1126,True,True
1126,1201,True,True
1126,1201,True,True
1286,1224,True,False
1286,1224,True,False
1286,1224,True,False
1286,930,False,True
1286,1224,True,False
1286,1224,True,False
1286,930,False,True
1286,1224,True,False
1286,1224,True,False
1286,1224,True,False
1305,1003,True,False
1308,1281,True,False
1272,1284,True,True
1379,1473,True,False
1402,1400,True,False
809,1510,True,False
809,1510,True,False
1511,1501,True,True
1511,1501,True,True
1620,1476,True,False
1627,1001,True,True
1627,1463,True,True
1627,1001,True,True
1627,1463,True,True
1632,628,True,False
1632,628,True,False
1632,628,True,False
1463,1727,True,True
1463,334,True,False
1463,334,True,False
1463,1727,True,True
1687,1264,True,False
1687,1264,True,False
1727,1463,True,True
897,854,True,False
1801,2137,True,True
1861,1859,True,False
1865,1887,True,True
1996,2170,True,False
2086,1945,True,False
2120,2151,True,True
2120,2048,True,False
2158,1070,False,True
1092,1090,True,True
1160,664,True,False
1183,1190,True,False
2286,463,True,False
2273,2272,True,False
2289,320,True,False
2399,1859,True,False
2399,1859,True,False
2413,2383,True,True
2413,2383,True,True
1381,1427,True,True
1427,1381,True,True
1501,1312,True,False
1703,1710,True,False
2742,2400,True,False
2730,215,True,False
2730,216,True,False
2797,2982,True,True
2797,2982,True,True
2801,2802,True,False
2829,2830,True,False
2795,2791,True,False
2795,2791,True,False
1786,1730,True,True
2879,2310,True,False
2879,2310,True,False
2886,2643,True,False
2886,2643,True,False
2892,926,True,False
2892,926,True,False
2875,2957,True,True
2957,2875,True,True
2969,2662,True,False
2969,2662,True,False
2960,2958,True,True
2958,2960,True,True
2958,2960,True,True
2978,1979,True,False
2978,1979,True,False
2998,2793,True,False
2998,2793,True,False
3004,44,True,False
3004,44,True,False
3004,44,True,False
3004,44,True,False
3016,2774,True,False
3016,2774,True,False
2982,2765,False,True
3037,2903,True,False
2064,1986,True,True
3124,2667,True,False
3128,3268,True,True
3100,2867,True,False
2112,2122,True,True
3153,2876,True,False
3056,2909,True,False
3168,3341,True,False
3228,3229,True,True
3247,3229,True,True
3282,2639,True,False
3282,2639,True,False
3305,3273,True,True
3305,3273,True,True
3305,3273,True,True
3305,3273,True,True
3288,3283,True,False
3349,3350,True,False
3373,2909,True,False
3308,3287,True,False
3308,3287,True,False
3377,3345,True,True
3332,3309,True,False
3372,3372,True,True
3395,3393,True,False
3384,3386,True,True
3408,3392,True,False
3408,3392,True,False
3429,2824,True,False
3429,2824,True,False
3466,3448,True,False
3466,3448,True,False
3464,1185589,False,False
3464,530506,False,False
3545,3544,True,False
3545,3544,True,False
3585,3602,True,False
3585,3567,True,False
3585,3567,True,False
3585,3602,True,False
3592,3598,True,False
3592,3598,True,False
3600,2902,True,False
3600,2902,True,False
2559,2586,False,True
2566,2313,True,False
2597,2512,True,False
2597,2598,True,False
2597,2598,True,False
2609,1436,True,False
3813,3719,True,False
3955,3538,True,False
3955,3538,True,False
3959,7,True,False
3959,7,True,False
4042,118,True,False
4088,3962,True,False
4002,4088,True,True
4002,3962,True,False
4002,4088,True,True
4139,4239,True,False
4139,4239,True,False
4238,4269,True,False
4238,4269,True,False
4219,4053,True,True
4252,4256,True,True
4252,4256,True,True
4306,4307,True,False
4306,4307,True,False
4325,4174,True,False
4325,4174,True,False
4303,4335,True,False
4303,4335,True,False
4365,4308,True,True
4365,4308,True,True
3097,3033,True,False
3097,3033,True,False
3097,3033,True,False
3107,3030,True,False
3108,3107,True,True
3108,3030,True,False
4346,4360,True,False
4508,4556,True,True
4508,4557,True,True
4637,4638,True,False
4637,4638,True,False
4735,4724,True,False
4735,4724,True,False
4784,4786,True,False
4784,4786,True,False
4851,4483,True,False
4851,4483,True,False
4857,4911,True,True
3507,3457,True,True
3635,3636,True,False
3737,3663,False,True
4940,5168,True,False
3858,1901,True,False
3858,1901,True,False
5379,5871,True,True
5379,5871,True,True
5379,5871,True,True
5396,3515,False,True
4702,5510,True,False
5694,5631,True,False
5672,5698,True,False
5672,5698,True,False
5708,5542,True,False
5816,307,True,False
5816,307,True,False
5822,5760,True,False
4499,4514,True,False
5857,5288,True,False
5875,4014,True,False
5743,5722,True,True
5743,5722,True,True
5745,5970,False,True
5908,5957,True,False
5917,6076,True,True
5917,6076,True,True
5929,5931,False,True
6004,5893,True,True
6004,5893,True,True
6020,5912,True,False
4091,6210,True,False
4091,6211,True,False
6091,6099,True,False
6092,6099,True,False
6097,6098,True,False
6097,6099,True,False
6097,6098,True,False
6097,6099,True,False
4556,7770,True,False
5479,5478,True,True
6090,6113,True,False
6090,6167,True,False
6137,1659,True,False
4872,4750,True,False
6153,6155,True,False
6089,6099,True,False
4912,4307,True,False
6181,6190,True,False
6181,6190,True,False
4981,4190,True,False
4995,4353,True,False
6255,6167,True,False
6255,6167,True,False
6268,6264,True,False
6268,6264,True,False
6273,6277,True,False
6273,6277,True,False
6323,6289,True,True
6335,6398,True,True
6335,6398,True,True
6299,6257,True,False
6299,6257,True,False
6361,6365,True,False
6361,6366,True,False
6361,6365,True,False
6361,6366,True,False
6305,1,True,False
6305,2,False,False
6305,3,True,False
6305,1,True,False
6305,2,False,False
6305,3,True,False
6305,7206,True,False
6305,1,True,False
6305,2,False,False
6305,3,True,False
6305,1,True,False
6305,2,False,False
6305,3,True,False
5862,6392,True,True
6382,6299,True,True
5971,7725,True,True
6317,6262,True,False
6263,6262,True,False
6263,6262,True,False
6395,6223,True,True
5177,168,True,False
6433,6448,True,True
5209,4688,True,False
6491,6421,True,True
6491,6421,True,True
6504,6190,True,False
6475,6484,True,False
5364,4290,True,False
6574,2,False,False
6574,2,False,False
6547,6577,True,False
6547,6582,True,True
6547,6578,False,True
6634,7683,False,True
6658,873,True,False
6659,6541,True,False
6661,6515,True,True
6661,6344,True,False
6708,6738,True,True
6714,6741,True,False
6738,4678,True,False
6907,1647,True,False
6907,1647,True,False
6933,6941,True,False
5719,5479,True,True
6946,674,True,False
7009,6989,True,False
7009,6990,True,False
7009,6989,True,False
7009,6990,True,False
7024,7127,True,True
7024,7127,True,True
7033,7032,True,True
7033,7032,True,True
7032,7033,True,True
7032,7033,True,True
7114,7126,True,False
7114,7126,True,False
7114,7126,True,False
5988,5986,True,False
7174,6017,True,False
7227,7241,True,False
7244,7265,True,False
7268,7269,True,True
7268,7269,True,True
7269,7272,True,False
7269,7272,True,False
7165,7205,True,False
7296,430,True,False
7296,7540,True,True
7296,430,True,False
7296,7540,True,True
7368,437,True,False
7368,437,True,False
7327,6358,True,False
7370,7369,True,False
6295,6305,True,True
6300,6305,True,True
7484,7505,True,False
7526,3705,True,False
7526,3705,True,False
7526,3705,True,False
7540,430,True,False
7515,7493,True,False
7164,4973,True,False
7164,4973,True,False
7164,9056,False,True
7629,7683,False,True
7629,7683,False,True
7641,7225,True,False
7641,7225,True,False
7450,7643,True,False
7450,7643,True,False
7699,7684,True,True
7705,7702,False,True
7725,6126,True,False
7767,7526,True,True
7759,7770,True,False
7908,7913,True,True
7917,6710,True,False
7935,7943,True,False
7934,6358,True,False
7967,7924,True,False
6778,6775,True,False
8024,8006,True,True
8033,7750,True,False
8045,7698,True,False
8045,7750,True,False
6854,6862,True,False
8176,8077,True,False
8089,8213,True,False
8087,8187,True,False
8198,169963,False,False
8223,118143,False,False
8336,8425,True,True
8336,8425,True,True
8425,8337,True,False
8592,8554,False,True
8614,8747,True,False
8594,7881,True,False
7508,7470,True,False
