group,oldest_pull,pulls_total,commits_total
0,16191,1,1
1,15895,1,1
2,15964,1,1
3,16262,1,1
4,16158,1,1
5,16257,1,1
6,16278,1,1
7,16261,1,1
8,16228,1,1
9,16134,1,1
10,16120,1,1
11,16247,1,1
12,16263,1,1
13,16268,1,1
14,13990,1,1
15,14150,1,1
16,16388,1,24
17,16256,1,1
18,15954,1,1
19,16300,1,6
20,16272,1,2
21,16307,1,3
22,16210,1,1
23,16286,1,19
24,16294,1,1
25,16292,1,1
26,16311,1,12
27,16303,1,1
28,16312,1,2
29,16289,1,1
30,16224,1,1
31,16316,1,1
32,16218,1,1
33,16304,1,1
34,16317,1,1
35,16323,1,9
36,16313,1,2
37,16295,1,1
38,16233,1,1
39,16326,1,1
40,16299,1,1
41,16332,1,1
42,16339,1,2
43,16314,1,1
44,16329,1,1
45,16287,1,1
46,16341,1,1
47,16349,1,1
48,16342,1,1
49,16337,1,1
50,16356,1,1
51,16301,1,1
52,16335,1,1
53,16362,1,1
54,16363,1,2
55,16348,1,1
56,16336,1,1
57,16361,1,2
58,16368,1,2
59,16331,1,2
60,16367,1,2
61,16325,1,1
62,16379,1,5
63,16384,1,2
64,16386,1,3
65,16389,1,2
66,16390,1,3
67,16391,1,1
68,16378,1,1
69,16387,1,1
70,16407,1,2
71,16408,1,2
72,16161,1,1
73,16370,1,1
74,16412,1,7
75,16405,1,1
76,16409,1,14
77,16244,1,1
78,15898,1,1
79,16416,1,1
80,16429,1,2
81,16431,1,3
82,16414,1,6
83,16426,1,1
84,16397,1,2
85,16345,1,1
86,16439,1,1
87,15773,1,1
88,16003,1,1
89,16355,1,1
90,16451,1,2
91,16454,1,1
92,16463,1,1
93,16446,1,1
94,16432,1,1
95,16458,1,1
96,16448,1,1
97,16441,1,1
98,16465,1,5
99,16427,1,1
100,16476,1,1
101,16487,1,4
102,16076,1,1
103,16493,1,2
104,16396,1,1
105,16477,1,1
106,16495,1,1
107,16492,1,4
108,15950,1,1
109,16501,1,1
110,16468,1,1
111,16459,1,1
112,16485,1,1
113,16371,1,1
114,16509,1,1
115,16490,1,1
116,16502,1,3
117,16508,1,1
118,16517,1,3
119,16519,1,1
120,16520,1,3
121,16518,1,1
122,16515,1,1
123,16514,1,1
124,16374,1,1
125,16522,1,1
126,16470,1,1
127,16510,1,7
128,16469,1,1
129,15224,1,1
130,16529,1,1
131,16530,1,1
132,16534,1,1
133,16456,1,1
134,16298,1,1
135,16471,1,1
136,16450,1,2
137,16536,1,1
138,16242,1,1
139,16531,1,1
140,15629,1,1
141,16533,1,1
142,16523,1,1
143,16545,1,1
144,16539,1,1
145,16538,1,1
146,16288,1,1
147,16535,1,1
148,16309,1,1
149,16526,1,1
150,16483,1,1
151,16525,1,1
152,16548,1,1
153,15624,1,1
154,16558,1,1
155,16561,1,1
156,16567,1,1
157,16527,1,1
158,16566,1,1
159,16350,1,1
160,16569,1,1
161,16582,1,1
162,16559,1,1
163,16584,1,1
164,16571,1,1
165,16580,1,1
166,16590,1,1
167,14691,1,1
168,16552,1,1
169,16589,1,1
170,16474,1,1
171,16187,1,1
172,16583,1,1
173,15502,1,1
174,16587,1,1
175,16494,1,1
176,16498,1,1
177,16608,1,5
178,16577,1,1
179,16610,1,1
180,16594,1,1
181,16612,1,1
182,16624,1,4
183,16547,1,1
184,16617,1,2
185,16598,1,1
186,16330,1,1
187,16630,1,1
188,16599,1,1
189,16449,1,1
190,16553,1,1
191,16638,1,1
192,16546,1,1
193,16593,1,1
194,16622,1,1
195,16106,1,1
196,16596,1,1
197,16625,1,1
198,16579,1,1
199,16636,1,5
200,16644,1,1
201,15622,1,9
202,16619,1,1
203,16649,1,1
204,15530,1,3
205,16654,1,1
206,16618,1,1
207,16650,1,1
208,16657,1,1
209,16651,1,1
210,16578,1,1
211,16581,1,2
212,16562,1,23
213,16662,1,1
214,16668,1,1
215,16670,1,4
216,16663,1,1
217,16677,1,1
218,16682,1,1
219,16425,1,1
220,16667,1,1
221,16676,1,1
222,16681,1,1
223,16666,1,1
224,16691,1,1
225,16675,1,1
226,16499,1,1
227,16713,1,1
228,16694,1,1
229,16722,1,1
230,16719,1,1
231,16720,1,1
232,16727,1,1
233,16672,1,1
234,16728,1,1
235,16725,1,1
236,16609,1,1
237,16714,1,1
238,16708,1,1
239,16673,1,1
240,16715,1,1
241,16401,1,1
242,16704,1,1
243,16737,1,1
244,16733,1,1
245,16743,1,1
246,16655,1,1
247,16736,1,2
248,16729,1,1
249,16752,1,1
250,16750,1,5
251,16754,1,1
252,16745,1,1
253,16760,1,1
254,15727,1,1
255,16748,1,1
256,16749,1,1
257,16744,1,1
258,16747,1,1
259,16761,1,1
260,16762,1,1
261,16764,1,1
262,16766,1,1
263,16769,1,2
264,16688,1,1
265,16706,1,1
266,16771,1,1
267,16250,1,1
268,16726,1,1
269,16783,1,2
270,16774,1,1
271,16753,1,1
272,16524,1,1
273,16788,1,1
274,16773,1,1
275,16782,1,1
276,16796,1,1
277,16800,1,4
278,16620,1,1
279,16804,1,1
280,16794,1,3
281,16799,1,1
282,16790,1,1
283,16791,1,1
284,16792,1,1
285,16611,1,1
286,16841,1,1
287,16844,1,1
288,16846,1,1
289,16837,1,1
290,16842,1,1
291,16813,1,1
292,16811,1,1
293,16793,1,1
294,16815,1,1
295,16836,1,1
296,16324,1,1
297,16810,1,1
298,16809,1,1
299,16718,1,1
300,16862,1,1
301,16852,1,1
302,16801,1,1
303,16871,1,1
304,16869,1,2
305,16822,1,1
306,16874,1,1
307,16866,1,2
308,16784,1,1
309,16863,1,1
310,16865,1,1
311,16868,1,1
312,16848,1,1
313,16814,1,1
314,16885,1,1
315,16888,1,1
316,16887,1,1
317,16894,1,1
318,16902,1,1
319,16883,1,1
320,16627,1,1
321,16695,1,1
322,16904,1,1
323,16903,1,1
324,16891,1,1
325,16652,1,1
326,16798,1,1
327,16802,1,1
328,16917,1,1
329,16856,1,1
330,16916,1,1
331,16892,1,1
332,16889,1,1
333,16930,1,1
334,16914,1,1
335,16912,1,1
336,16931,1,1
337,16906,1,1
338,16944,1,1
339,16873,1,1
340,16952,1,1
341,16946,1,1
342,16951,1,1
343,16964,1,1
344,16959,1,1
345,16922,1,1
346,16966,1,1
347,14511,1,1
348,16955,1,1
349,16614,1,1
350,16970,1,1
351,16927,1,1
352,16882,1,1
353,16979,1,1
354,16958,1,1
355,16721,1,1
356,16972,1,1
357,16945,1,2
358,16897,1,1
359,16999,1,1
360,16825,1,1
361,16965,1,1
362,16973,1,1
363,16430,1,1
364,17022,1,2
365,16919,1,1
366,16436,1,1
367,16755,1,1
368,16971,1,1
369,16840,1,1
370,16860,1,1
371,17031,1,3
372,17030,1,1
373,17033,1,1
374,17036,1,1
375,17054,1,1
376,17055,1,1
377,17056,1,1
378,16995,1,1
379,16907,1,1
380,17013,1,1
381,17067,1,1
382,16956,1,1
383,16939,1,1
384,17071,1,2
385,17016,1,1
386,17073,1,1
387,17035,1,1
388,17020,1,1
389,16899,1,1
390,17002,1,1
391,17037,1,1
392,16961,1,1
393,17072,1,1
394,17063,1,1
395,17085,1,1
396,17087,1,3
397,17093,1,1
398,17100,1,1
399,17082,1,1
400,17094,1,1
401,17066,1,1
402,17102,1,1
403,17105,1,3
404,17097,1,1
405,17080,1,1
406,17103,1,1
407,17074,1,1
408,16975,1,1
409,17122,1,1
410,17005,1,1
411,17127,1,2
412,17134,1,1
413,17111,1,1
414,17135,1,1
415,17120,1,1
416,17138,1,1
417,17137,1,1
418,17142,1,1
419,17130,1,1
420,17090,1,1
421,17136,1,1
422,16700,1,1
423,17012,1,1
424,17126,1,1
425,16915,1,1
426,17164,1,2
427,17165,1,1
428,17168,1,1
429,17166,1,1
430,17169,1,1
431,17099,1,1
432,17176,1,1
433,17152,1,1
434,17150,1,1
435,17154,1,1
436,17149,1,1
437,17175,1,1
438,17183,1,1
439,17146,1,1
440,17191,1,6
441,17185,1,1
442,17194,1,1
443,17159,1,1
444,17047,1,1
445,17179,1,1
446,17199,1,1
447,17124,1,1
448,16692,1,1
449,17106,1,1
450,16934,1,1
451,17095,1,1
452,17177,1,1
453,17034,1,1
454,16881,1,1
455,16905,1,5
456,17207,1,1
457,17212,1,1
458,15808,1,1
459,17188,1,3
460,17213,1,3
461,17210,1,1
462,17216,1,1
463,16746,1,1
464,17222,1,1
465,17214,1,1
466,17230,1,1
467,17231,1,1
468,17243,1,1
469,17229,1,1
470,17233,1,1
471,17245,1,1
472,17244,1,1
473,17246,1,1
474,17228,1,1
475,17238,1,1
476,17236,1,1
477,17219,1,1
478,17249,1,1
479,17225,1,1
480,17162,1,1
481,17254,1,1
482,17255,1,1
483,17263,1,1
484,17251,1,1
485,17227,1,1
486,17262,1,1
487,17260,1,2
488,17226,1,1
489,17272,1,1
490,17279,1,2
491,17280,1,1
492,17275,1,1
493,17131,1,1
494,17261,1,1
495,17160,1,1
496,16855,1,1
497,17294,1,1
498,17297,1,1
499,17313,1,1
500,17259,1,4
501,17305,1,1
502,17312,1,1
503,17266,1,1
504,17299,1,10
505,17318,1,1
506,17320,1,1
507,17232,1,5
508,17319,1,1
509,17307,1,1
510,17331,1,1
511,17336,1,1
512,17315,1,1
513,17338,1,1
514,17340,1,1
515,17328,1,1
516,16816,1,1
517,17344,1,1
518,17330,1,1
519,17302,1,1
520,17326,1,1
521,16982,1,1
522,17321,1,1
523,17349,1,1
524,17352,1,1
525,17237,1,1
526,17361,1,1
527,17346,1,1
528,17348,1,1
529,17366,1,1
530,17358,1,1
531,17347,1,1
532,17355,1,1
533,17351,1,1
534,17370,1,1
535,17350,1,1
536,17269,1,1
537,17374,1,2
538,17345,1,1
539,17377,1,1
540,17362,1,1
541,17386,1,1
542,17223,1,1
543,17388,1,1
544,17396,1,1
545,17414,1,1
546,17408,1,1
547,17391,1,1
548,17379,1,1
549,17400,1,1
550,17423,1,1
551,17429,1,1
552,17380,1,1
553,17436,1,1
554,17428,1,3
555,17432,1,1
556,17437,1,1
557,17442,1,1
558,16992,1,1
559,17456,1,1
560,17453,1,1
561,17451,1,1
562,17427,1,1
563,17450,1,1
564,17412,1,1
565,17420,1,1
566,17474,1,1
567,17466,1,1
568,17485,1,15
569,17488,1,1
570,17298,1,1
571,17455,1,1
572,17475,1,1
573,17496,1,4
574,17499,1,1
575,17481,1,2
576,17484,1,1
577,17500,1,1
578,17464,1,1
579,17505,1,1
580,17503,1,1
581,17494,1,1
582,17483,1,1
583,17491,1,1
584,17489,1,1
585,17510,1,1
586,17514,1,1
587,17502,1,1
588,17508,1,1
589,17173,1,1
590,17443,1,1
591,17478,1,2
592,17527,1,1
593,17526,1,1
594,17516,1,1
595,17531,1,1
596,17387,1,1
597,17520,1,1
598,17511,1,1
599,17532,1,1
600,17535,1,1
601,17530,1,1
602,17540,1,1
603,17525,1,1
604,17476,1,1
605,17393,1,1
606,17544,1,1
607,17548,1,1
608,17538,1,1
609,17458,1,1
610,17550,1,1
611,17441,1,1
612,17430,1,1
613,17444,1,1
614,17553,1,1
615,17559,1,1
616,17509,1,1
617,17519,1,1
618,17554,1,1
619,17382,1,1
620,17558,1,1
621,17487,1,2
622,17195,1,1
623,17555,1,1
624,17565,1,1
625,17571,1,1
626,17570,1,1
627,17572,1,1
628,17566,1,1
629,17537,1,1
630,17574,1,1
631,17564,1,2
632,17522,1,1
633,17534,1,1
634,17577,1,1
635,17431,1,1
636,17592,1,1
637,17551,1,1
638,17605,1,9
639,17596,1,1
640,17609,1,1
641,17600,1,1
642,17616,1,1
643,17612,1,1
644,17119,1,1
645,17610,1,2
646,17595,1,1
647,17590,1,2
648,17620,1,2
649,17583,1,1
650,17517,1,1
651,17628,1,4
652,17507,1,1
653,17611,1,1
654,17624,1,1
655,17635,1,2
656,17579,1,1
657,17636,1,1
658,17638,1,2
659,17639,1,1
660,17602,1,1
661,17625,1,1
662,17642,1,1
663,17647,1,1
664,16785,1,1
665,17648,1,1
666,17623,1,1
667,17641,1,1
668,17631,1,1
669,17661,1,1
670,15894,1,1
671,17664,1,1
672,17667,1,1
673,17650,1,1
674,17671,1,1
675,17677,1,3
676,17674,1,1
677,17666,1,1
678,17673,1,1
679,17646,1,1
680,17678,1,3
681,17682,1,1
682,17683,1,1
683,17692,1,1
684,17411,1,1
685,17695,1,1
686,17654,1,1
687,17698,1,1
688,17438,1,1
689,17680,1,1
690,17518,1,1
691,17706,1,1
692,17615,1,1
693,17721,1,1
694,17701,1,1
695,17722,1,1
696,17712,1,1
697,17711,1,1
698,17694,1,1
699,17729,1,2
700,17691,1,1
701,17730,1,1
702,17738,1,1
703,17681,1,1
704,17736,1,1
705,17742,1,1
706,17589,1,1
707,17740,1,1
708,17749,1,8
709,17744,1,1
710,17732,1,1
711,16949,1,1
712,17750,1,1
713,17754,1,1
714,17739,1,1
715,17756,1,1
716,17759,1,1
717,17761,1,1
718,17723,1,1
719,17753,1,1
720,17369,1,1
721,17607,1,1
722,17748,1,1
723,17757,1,1
724,17765,1,1
725,17766,1,1
726,17767,1,3
727,17769,1,1
728,17719,1,1
729,17772,1,1
730,17662,1,1
731,17669,1,1
732,17670,1,1
733,17660,1,1
734,17715,1,1
735,17778,1,1
736,17777,1,1
737,17773,1,1
738,16954,1,1
739,17727,1,1
740,17708,1,1
741,17781,1,1
742,17784,1,1
743,17713,1,1
744,17785,1,1
745,17795,1,1
746,17802,1,10
747,17789,1,1
748,17801,1,1
749,17803,1,1
750,17816,1,1
751,17827,1,1
752,17758,1,1
753,17782,1,1
754,17270,1,1
755,17690,1,1
756,17847,1,1
757,17838,1,1
758,17852,1,1
759,17844,1,1
760,17856,1,1
761,17857,1,1
762,17866,1,1
763,17806,1,1
764,17864,1,1
765,17862,1,1
766,17798,1,1
767,17865,1,1
768,17859,1,1
769,16832,1,1
770,17832,1,1
771,17871,1,1
772,17885,1,1
773,17887,1,1
774,17672,1,1
775,17892,1,1
776,17880,1,1
777,17896,1,3
778,17853,1,1
779,17894,1,1
780,17898,1,1
781,17900,1,1
782,17901,1,1
783,17893,1,1
784,17911,1,1
785,17910,1,1
786,17899,1,1
787,17908,1,1
788,17915,1,1
789,16461,1,1
790,17922,1,1
791,17322,1,1
792,17937,1,1
793,17913,1,1
794,17906,1,4
795,17163,1,1
796,17888,1,1
797,17755,1,2
798,17653,1,1
799,17608,1,2
800,17834,1,1
801,17927,1,1
802,17751,1,1
803,17676,1,2
804,17731,1,1
805,17807,1,2
806,17557,1,1
807,17905,1,2
808,17943,1,2
809,17953,1,1
810,17955,1,1
811,17956,1,1
812,17946,1,1
813,17960,1,1
814,17950,1,1
815,17966,1,1
816,17965,1,1
817,17968,1,1
818,17969,1,1
819,17979,1,1
820,17883,1,5
821,17919,1,1
822,17971,1,1
823,17975,1,1
824,17964,1,1
825,17963,1,1
826,17974,1,2
827,17981,1,1
828,17985,1,1
829,17967,1,1
830,17970,1,1
831,17986,1,1
832,17805,1,1
833,17482,1,1
834,17990,1,1
835,18000,1,1
836,18004,1,1
837,18013,1,3
838,18002,1,1
839,17716,1,1
840,18015,1,1
841,18028,1,1
842,18016,1,1
843,18025,1,2
844,18024,1,1
845,18029,1,1
846,18039,1,1
847,18031,1,1
848,18040,1,1
849,18042,1,1
850,18021,1,1
851,18053,1,3
852,18043,1,1
853,18044,1,2
854,18038,1,1
855,18055,1,1
856,17992,1,1
857,18041,1,1
858,18059,1,1
859,18018,1,1
860,17977,1,1
861,18012,1,1
862,18058,1,1
863,18057,1,1
864,18072,1,1
865,18048,1,1
866,18050,1,1
867,18049,1,2
868,18076,1,1
869,18032,1,1
870,18056,1,1
871,18062,1,1
872,17957,1,1
873,18087,1,1
874,18089,1,1
875,18069,1,2
876,18086,1,1
877,18090,1,1
878,16674,1,1
879,18102,1,1
880,18073,1,1
881,18105,1,1
882,18113,1,1
883,18112,1,1
884,17912,1,1
885,18114,1,1
886,18107,1,1
887,18108,1,1
888,18017,1,1
889,18124,1,1
890,18128,1,1
891,18121,1,1
892,18130,1,1
893,18139,1,1
894,18142,1,1
895,18152,1,1
896,18135,1,1
897,18157,1,1
898,18151,1,1
899,18035,1,1
900,18141,1,1
901,18165,1,1
902,18164,1,1
903,18161,1,1
904,18167,1,1
905,18162,1,1
906,18168,1,1
907,18170,1,1
908,18149,1,1
909,18163,1,1
910,18154,1,1
911,18159,1,1
912,18158,1,1
913,18146,1,1
914,18160,1,1
915,18143,1,1
916,18169,1,1
917,18166,1,1
918,18183,1,1
919,18175,1,1
920,18184,1,1
921,18081,1,1
922,18190,1,1
923,18177,1,1
924,18179,1,1
925,18199,1,1
926,18203,1,1
927,18197,1,1
928,18098,1,1
929,18208,1,1
930,18205,1,2
931,18212,1,1
932,18101,1,1
933,18036,1,1
934,18219,1,1
935,18214,1,1
936,18218,1,1
937,18217,1,1
938,18220,1,1
939,18195,1,1
940,18222,1,1
941,18230,1,1
942,18215,1,1
943,18234,1,1
944,18242,1,1
945,18228,1,1
946,18117,1,1
947,18129,1,1
948,18250,1,1
949,18251,1,1
950,18261,1,1
951,18246,1,2
952,18264,1,1
953,18277,1,1
954,18269,1,1
955,18270,1,1
956,18223,1,1
957,18252,1,4
958,18255,1,1
959,18280,1,1
960,18260,1,1
961,18293,1,6
962,18296,1,1
963,18308,1,1
964,18302,1,1
965,18310,1,1
966,18318,1,1
967,18309,1,2
968,18320,1,1
969,18176,1,1
970,18332,1,1
971,18283,1,1
972,18272,1,1
973,18316,1,1
974,18278,1,2
975,18335,1,1
976,18336,1,1
977,18313,1,1
978,18340,1,3
979,18341,1,1
980,18342,1,1
981,17907,1,1
982,18345,1,1
983,18347,1,1
984,17825,1,1
985,18334,1,1
986,17884,1,1
987,18325,1,1
988,16637,1,1
989,18239,1,1
990,18284,1,1
991,18297,1,1
992,18357,1,1
993,18368,1,1
994,18367,1,1
995,17644,1,1
996,18372,1,1
997,18373,1,1
998,18377,1,1
999,18376,1,1
1000,18378,1,1
1001,16993,1,1
1002,18206,1,1
1003,18382,1,1
1004,18385,1,1
1005,18275,1,1
1006,18380,1,1
1007,18381,1,1
1008,18305,1,1
1009,18383,1,1
1010,18384,1,1
1011,18398,1,1
1012,18397,1,1
1013,18391,1,1
1014,18401,1,1
1015,18386,1,1
1016,18379,1,1
1017,18399,1,1
1018,18412,1,1
1019,18389,1,1
1020,18420,1,1
1021,18432,1,1
1022,18424,1,1
1023,18491,1,33
1024,18436,1,1
1025,18402,1,1
1026,18430,1,1
1027,18423,1,1
1028,18103,1,1
1029,18438,1,1
1030,18437,1,1
1031,18403,1,1
1032,18421,1,1
1033,18426,1,1
1034,18428,1,1
1035,18422,1,1
1036,18429,1,1
1037,18267,1,1
1038,18439,1,1
1039,17452,1,1
1040,18408,1,1
1041,18447,1,1
1042,18307,1,1
1043,17573,1,1
1044,18446,1,1
1045,18268,1,1
1046,18450,1,1
1047,16484,1,1
1048,18449,1,2
1049,17809,1,1
1050,18453,1,1
1051,18457,1,1
1052,18454,1,1
1053,18464,1,1
1054,18463,1,1
1055,18478,1,1
1056,18490,1,1
1057,18482,1,1
1058,18480,1,1
1059,18479,1,1
1060,18494,1,1
1061,18493,1,1
1062,18477,1,1
1063,18471,1,1
1064,18495,1,1
1065,18080,1,1
1066,18531,1,1
1067,18514,1,1
1068,18533,1,1
1069,18496,1,1
1070,18549,1,1
1071,18489,1,1
1072,18501,1,1
1073,18488,1,1
1074,18546,1,1
1075,18512,1,1
1076,18539,1,2
1077,18555,1,1
1078,18569,1,1
1079,18563,1,1
1080,18564,1,1
1081,18552,1,1
1082,18585,1,1
1083,18537,1,1
1084,18590,1,1
1085,18593,1,1
1086,18575,1,1
1087,18541,1,1
1088,18579,1,1
1089,18544,1,1
1090,18578,1,1
1091,18525,1,1
1092,18513,1,1
1093,18583,1,1
1094,18597,1,1
1095,18520,1,1
1096,18523,1,1
1097,18581,1,1
1098,18582,1,1
1099,18602,1,8
1100,18566,1,1
1101,18586,1,1
1102,18598,1,1
1103,18492,1,1
1104,18427,1,1
1105,18605,1,1
1106,18601,1,1
1107,18547,1,1
1108,18526,1,1
1109,18567,1,1
1110,18619,1,1
1111,18624,1,1
1112,18623,1,1
1113,18608,1,1
1114,18632,1,1
1115,18634,1,1
1116,18636,1,1
1117,18497,1,1
1118,18643,1,1
1119,18644,1,1
1120,18556,1,1
1121,18505,1,1
1122,18641,1,1
1123,18626,1,1
1124,18655,1,1
1125,18649,1,1
1126,18665,1,1
1127,18625,1,1
1128,18673,1,1
1129,18621,1,1
1130,18642,1,1
1131,18687,1,1
1132,18671,1,1
1133,18691,1,1
1134,18664,1,1
1135,18678,1,1
1136,18663,1,1
1137,18699,1,1
1138,18700,1,1
1139,18635,1,1
1140,18672,1,1
1141,18705,1,1
1142,18638,1,1
1143,18707,1,1
1144,18709,1,1
1145,18692,1,1
1146,18704,1,1
1147,18710,1,1
1148,18697,1,1
1149,18243,1,1
1150,18647,1,1
1151,18668,1,4
1152,18702,1,1
1153,18684,1,1
1154,18731,1,1
1155,18532,1,1
1156,18685,1,1
1157,18741,1,1
1158,18441,1,1
1159,18727,1,1
1160,18674,1,1
1161,18782,1,1
1162,18760,1,1
1163,18714,1,1
1164,18777,1,1
1165,18783,1,1
1166,18789,1,1
1167,18772,1,1
1168,18775,1,1
1169,18771,1,1
1170,18773,1,1
1171,18764,1,1
1172,18790,1,1
1173,18805,1,1
1174,18804,1,1
1175,18739,1,1
1176,18559,1,1
1177,18803,1,1
1178,18816,1,1
1179,18734,1,1
1180,18801,1,1
1181,18822,1,1
1182,18813,1,1
1183,18811,1,1
1184,18828,1,1
1185,18703,1,1
1186,18774,1,1
1187,18808,1,2
1188,18814,1,1
1189,18844,1,1
1190,18832,1,1
1191,18856,1,1
1192,18802,1,1
1193,18809,1,1
1194,18824,1,1
1195,18848,1,1
1196,18853,1,1
1197,18819,1,1
1198,18857,1,1
1199,18876,1,1
1200,18858,1,1
1201,18869,1,1
1202,18872,1,1
1203,18873,1,1
1204,18846,1,1
1205,18877,1,1
1206,18713,1,1
1207,18706,1,1
1208,18712,1,1
1209,18881,1,1
1210,18884,1,1
1211,18645,1,1
1212,18887,1,1
1213,18871,1,1
1214,18825,1,1
1215,18847,1,1
1216,18880,1,1
1217,18898,1,1
1218,18904,1,1
1219,18909,1,1
1220,18905,1,1
1221,18863,1,1
1222,18851,1,1
1223,18902,1,1
1224,18897,1,1
1225,18891,1,1
1226,18922,1,1
1227,18883,1,1
1228,18929,1,1
1229,18836,1,2
1230,18820,1,1
1231,18924,1,1
1232,18932,1,1
1233,18903,1,1
1234,18945,1,1
1235,18952,1,1
1236,18895,1,1
1237,18958,1,1
1238,18919,1,1
1239,18931,1,1
1240,18948,1,1
1241,18951,1,1
1242,18759,1,1
1243,18971,1,1
1244,18913,1,1
1245,18747,1,1
1246,18990,1,1
1247,18991,1,1
1248,19003,1,6
1249,18966,1,1
1250,18999,1,1
1251,18770,1,1
1252,19000,1,1
1253,18998,1,1
1254,19004,1,1
1255,18981,1,1
1256,19007,1,1
1257,19011,1,1
1258,18987,1,1
1259,18798,1,1
1260,18943,1,1
1261,19015,1,1
1262,19016,1,1
1263,18874,1,1
1264,18982,1,1
1265,19021,1,1
1266,18868,1,1
1267,19012,1,1
1268,18937,1,1
1269,19006,1,1
1270,19035,1,5
1271,19028,1,1
1272,19030,1,1
1273,18977,1,1
1274,19037,1,1
1275,19032,1,1
1276,19026,1,1
1277,19051,1,1
1278,19052,1,1
1279,19046,1,1
1280,19053,1,1
1281,19055,1,1
1282,19045,1,1
1283,19044,1,1
1284,19059,1,1
1285,19040,1,1
1286,19057,1,1
1287,19039,1,1
1288,19074,1,1
1289,19029,1,1
1290,19031,1,1
1291,19087,1,1
1292,19077,1,1
1293,19091,1,1
1294,19086,1,1
1295,19072,1,1
1296,19084,1,1
1297,18994,1,1
1298,19089,1,1
1299,19093,1,1
1300,18962,1,1
1301,19113,1,1
1302,18781,1,1
1303,19127,1,1
1304,19122,1,1
1305,19134,1,1
1306,19128,1,1
1307,19129,1,1
1308,19133,1,1
1309,19147,1,1
1310,19104,1,1
1311,19160,1,1
1312,19163,1,1
1313,19151,1,1
1314,19137,1,1
1315,19130,1,1
1316,19158,1,1
1317,19156,1,1
1318,19126,1,1
1319,19095,1,1
1320,19114,1,1
1321,19157,1,1
1322,19175,1,1
1323,19178,1,1
1324,19181,1,1
1325,19186,1,1
1326,19179,1,1
1327,19182,1,1
1328,19180,1,1
1329,19184,1,1
1330,19111,1,1
1331,19188,1,1
1332,19065,1,1
1333,19144,1,1
1334,19190,1,1
1335,19174,1,1
1336,19167,1,1
1337,19193,1,1
1338,19196,1,1
1339,19198,1,1
1340,19204,1,1
1341,19168,1,1
1342,19185,1,1
1343,19149,1,1
1344,19150,1,1
1345,19211,1,1
1346,19140,1,1
1347,19191,1,1
1348,19082,1,1
1349,19213,1,1
1350,19219,1,1
1351,19223,1,1
1352,19110,1,1
1353,19139,1,1
1354,19240,1,1
1355,19237,1,1
1356,19244,1,1
1357,19217,1,1
1358,19246,1,1
1359,19200,1,1
1360,19238,1,1
1361,19252,1,1
1362,19249,1,1
1363,19236,1,1
1364,19234,1,1
1365,18762,1,1
1366,19248,1,1
1367,19060,1,1
1368,18992,1,1
1369,18765,1,1
1370,19269,1,1
1371,19250,1,1
1372,19275,1,1
1373,19283,1,1
1374,19292,1,1
1375,19286,1,1
1376,19301,1,1
1377,19103,1,1
1378,19289,1,1
1379,19302,1,1
1380,19300,1,1
1381,19310,1,1
1382,19274,1,1
1383,19299,1,1
1384,19321,1,1
1385,19315,1,1
1386,19316,1,1
1387,19324,1,1
1388,19319,1,1
1389,19327,1,1
1390,19317,1,1
1391,19318,1,1
1392,19331,1,1
1393,19326,1,1
1394,19325,1,1
1395,19333,1,1
1396,19294,1,1
1397,19323,1,1
1398,19342,1,1
1399,19354,1,1
1400,19359,1,1
1401,19360,1,1
1402,19361,1,1
1403,19287,1,1
1404,19363,1,1
1405,19355,1,1
1406,19358,1,1
1407,19365,1,1
1408,19341,1,1
1409,19273,1,1
1410,19390,1,1
1411,19403,1,1
1412,19412,1,1
1413,19396,1,1
1414,19395,1,1
1415,19405,1,1
1416,19232,1,1
1417,19416,1,1
1418,19394,1,1
1419,19420,1,1
1420,19427,1,1
1421,19376,1,1
1422,19378,1,1
1423,19430,1,1
1424,19432,1,1
1425,19424,1,1
1426,17760,1,1
1427,19439,1,1
1428,19437,1,1
1429,19267,1,1
1430,19447,1,1
1431,19445,1,1
1432,19444,1,1
1433,19298,1,1
1434,19353,1,1
1435,19460,1,1
1436,19465,1,1
1437,19454,1,1
1438,19260,1,1
1439,19467,1,1
1440,19470,1,1
1441,19463,1,1
1442,19457,1,1
1443,19453,1,1
1444,19452,1,1
1445,19401,1,1
1446,19386,1,1
1447,19442,1,1
1448,19429,1,1
1449,19434,1,1
1450,19479,1,1
1451,19455,1,1
1452,19496,1,1
1453,19493,1,1
1454,19498,1,1
1455,19510,1,1
1456,19488,1,1
1457,19504,1,1
1458,19508,1,1
1459,19517,1,1
1460,19484,1,1
1461,19483,1,1
1462,19518,1,1
1463,19529,1,1
1464,19490,1,1
1465,19507,1,1
1466,19520,1,1
1467,19525,1,1
1468,19475,1,1
1469,19521,1,1
1470,19494,1,1
1471,19546,1,1
1472,19485,1,1
1473,19544,1,1
1474,19499,1,1
1475,19542,1,1
1476,19556,1,1
1477,19449,1,1
1478,19563,1,1
1479,19482,1,1
1480,19535,1,1
1481,19574,1,1
1482,19564,1,1
1483,19565,1,1
1484,19537,1,1
1485,19576,1,1
1486,19583,1,1
1487,19584,1,1
1488,19572,1,1
1489,19601,1,1
1490,19575,1,1
1491,19588,1,1
1492,19604,1,1
1493,19570,1,1
1494,19590,1,1
1495,19626,1,1
1496,19629,1,1
1497,19631,1,1
1498,19538,1,1
1499,19614,1,1
1500,19620,1,1
1501,19639,1,1
1502,19638,1,1
1503,19362,1,1
1504,19541,1,1
1505,19643,1,1
1506,19611,1,1
1507,19646,1,1
1508,19647,1,1
1509,19666,1,1
1510,19664,1,1
1511,19660,1,1
1512,19678,1,1
1513,19680,1,1
1514,19671,1,1
1515,19690,1,1
1516,19675,1,1
1517,19657,1,1
1518,19703,1,1
1519,19697,1,1
1520,19704,1,1
1521,19705,1,1
1522,19712,1,1
1523,19688,1,1
1524,19719,1,1
1525,19676,1,1
1526,19621,1,1
1527,19722,1,1
1528,19737,1,1
1529,19735,1,1
1530,19736,1,1
1531,19709,1,1
1532,19730,1,1
1533,19745,1,1
1534,19748,1,1
1535,19747,1,1
1536,19744,1,1
1537,19725,1,1
1538,19759,1,1
1539,19766,1,1
1540,19770,1,1
1541,19642,1,1
1542,19771,1,1
1543,19758,1,1
1544,19778,1,1
1545,19788,1,1
1546,19782,1,1
1547,19793,1,1
1548,19769,1,1
1549,19798,1,2
1550,19807,1,1
1551,19805,1,1
1552,19802,1,1
1553,19814,1,1
1554,19815,1,1
1555,19726,1,1
1556,19829,1,1
1557,19819,1,1
1558,19809,1,1
1559,19833,1,1
1560,19812,1,1
1561,19844,1,1
1562,19839,1,1
1563,19850,1,1
1564,19853,1,1
1565,19863,1,1
1566,19859,1,1
1567,19701,1,1
1568,19881,1,1
1569,19873,1,1
1570,19883,1,1
1571,19857,1,1
1572,19895,1,1
1573,19891,1,1
1574,19898,1,1
1575,19892,1,1
1576,19920,1,1
1577,19921,1,1
1578,19918,1,1
1579,19919,1,1
1580,19904,1,1
1581,19917,1,1
1582,19922,1,1
1583,19913,1,1
1584,19912,1,1
1585,19929,1,1
1586,19935,1,1
1587,19914,1,1
1588,19938,1,4
1589,19937,1,1
1590,19909,1,1
1591,19946,1,1
1592,19947,1,1
1593,19901,1,1
1594,19963,1,1
1595,19979,1,1
1596,19975,1,1
1597,19980,1,1
1598,19988,1,1
1599,19714,1,1
1600,19989,1,1
1601,19993,1,1
1602,19991,1,1
1603,19985,1,1
1604,20008,1,3
1605,20006,1,1
1606,20001,1,1
1607,20017,1,1
1608,19183,1,1
1609,19972,1,1
1610,19973,1,1
1611,20011,1,1
1612,19923,1,1
1613,20021,1,1
1614,20020,1,1
1615,20026,1,1
1616,20015,1,1
1617,19926,1,1
1618,19768,1,1
1619,20024,1,1
1620,20034,1,1
1621,20031,1,1
1622,19958,1,1
1623,20050,1,1
1624,19961,1,1
1625,20058,1,1
1626,20032,1,1
1627,20040,1,1
1628,20079,1,1
1629,20070,1,1
1630,19760,1,1
1631,20076,1,1
1632,20083,1,1
1633,20080,1,1
1634,20085,1,1
1635,19446,1,1
1636,20044,1,1
1637,20117,1,1
1638,20119,1,1
1639,20121,1,1
1640,20125,1,1
1641,20133,1,1
1642,20137,1,1
1643,20143,1,1
1644,20157,1,1
1645,20122,1,1
1646,20159,1,1
1647,20166,1,1
1648,20175,1,1
1649,20124,1,1
1650,20112,1,1
1651,19872,1,1
1652,20144,1,1
1653,20177,1,1
1654,20184,1,1
1655,20188,1,1
1656,20190,1,1
1657,20192,1,1
1658,20189,1,1
1659,20217,1,1
1660,20211,1,1
1661,20187,1,1
1662,20226,1,1
1663,20238,1,1
1664,20244,1,1
1665,20220,1,1
1666,20249,1,1
1667,20252,1,1
1668,20262,1,1
1669,20289,1,1
1670,20281,1,1
1671,20287,1,1
1672,20277,1,1
1673,20282,1,1
1674,20293,1,1
1675,20305,1,1
1676,20307,1,1
1677,19580,1,1
1678,20321,1,1
1679,20323,1,1
1680,20247,1,1
1681,20271,1,1
1682,20322,1,1
1683,20219,1,1
1684,20330,1,1
1685,20342,1,1
1686,20349,1,1
1687,20347,1,1
1688,20332,1,1
1689,20328,1,1
1690,20361,1,1
1691,20360,1,1
1692,20354,1,1
1693,20364,1,1
1694,20357,1,1
1695,20372,1,1
1696,20378,1,1
1697,20379,1,1
1698,20288,1,1
1699,20382,1,1
1700,20285,1,1
1701,20395,1,1
1702,20400,1,1
1703,20405,1,1
1704,20414,1,1
1705,20418,1,1
1706,20406,1,1
1707,20425,1,1
1708,20386,1,1
1709,20423,1,1
1710,20431,1,1
1711,20408,1,1
1712,20430,1,1
1713,20436,1,1
1714,20438,1,1
1715,20442,1,1
1716,20440,1,1
1717,20451,1,1
1718,20454,1,1
1719,20448,1,1
1720,20453,1,1
1721,20435,1,1
1722,20469,1,1
1723,20467,1,1
1724,20470,1,1
1725,20463,1,1
1726,20471,1,1
1727,20474,1,1
1728,20465,1,1
1729,20464,1,1
1730,20472,1,1
1731,20476,1,1
1732,20480,1,1
1733,18959,1,1
1734,20483,1,1
1735,20466,1,1
1736,20492,1,1
1737,20487,1,1
1738,20508,1,1
1739,20504,1,1
1740,20500,1,1
1741,20518,1,1
1742,20553,1,1
1743,20517,1,1
1744,20537,1,1
1745,20560,1,1
1746,20573,1,1
1747,20587,1,1
1748,20594,1,1
